Workbook

Sheet Start
A1: Which branch moved from Q1 to Q2, one decision at a time?
A3: Kalpa Retail, Week 1, Tuesday. Five decisions the day taught, one tab each, and an Export tab that assembles the brief for Meera.
A4: Yellow cells are inputs; every other number and sentence is a live formula.
A5: Each tab hides one defect in one formula. Read the tab's check line first, find the cell, fix it, and watch the verdict change.
A6: The Export tab releases the paste-ready brief only when all five tabs pass their checks, so fixing one tab does not clear it.
A7: Window: is the drop real on matched windows. Tree: which branch moved. Discount: what an absent field means. Rollup: weighted or averaged. Segments: groups in against groups out.
A8: The quarter and segment totals come from the day's order file as exported. The Discount tab starts on invented counts; put in the counts you take from the file.
A9: To use the tool on your own work, replace the yellow cells with your own totals and choices.

Sheet Window
A1: Is the drop real on matched windows?
A2: Two quarters are compared only when they cover the same weeks, or as a rate per week.
A4: Window | B4: Revenue (Rs) | C4: Weeks covered
A5: Q1, closed quarter | B5: 21000000 | C5: 13
A6: Q2 dashboard tile, cut at 15 September | B6: 15559950 | C6: 11
A7: Q2, closed quarter | B7: 18700000 | C7: 13
A9: Q1 revenue a week | B9: =B5/C5
A10: Q2 tile revenue a week | B10: =B6/C5
A11: The check | B11: =IF(ABS(B10*C6-B6)<1,"The tile's weekly rate multiplies back to the tile's total.","The tile's weekly rate does not multiply back to its total: it divides by the wrong weeks. Fix it first.")
A13: Your comparison | B13: tile against Q1 as totals
A14: Closed quarters, percent change | B14: =100*(B7/B5-1)
A15: Tile against Q1, percent change | B15: =100*(B6/B5-1)
A16: Per week, percent change | B16: =100*(B10/B9-1)
A18: Verdict | B18: =IF(ABS(B10*C6-B6)>=1,"Fix the weekly rate that divides by the wrong weeks before comparing anything.",IF(B13="closed quarters",IF(C7=C5,"Revenue "&IF(B14<0,"fell ","rose ")&TEXT(ABS(B14),"0.0")&" percent"&" between closed quarters of "&C5&" weeks each.","The closed quarters cover different weeks: compare a rate per week."),IF(B13="rate per week","Per week, revenue "&IF(B16<0,"fell ","rose ")&TEXT(ABS(B16),"0.0")&" percent"&" on the cut window; the rate fixes the length, so send the same weeks of both beside it.",IF(C6<>C5,"Refuse the comparison: "&C6&" weeks against "&C5&" reads as "&TEXT(ABS(B15),"0.0")&" percent; compare the same weeks of both, with a rate per week beside them.","Revenue "&IF(B15<0,"fell ","rose ")&TEXT(ABS(B15),"0.0")&" percent"&" on matched weeks."))))
A19: Fixed, for the Export tab | B19: =IF(ABS(B10*C6-B6)<1,1,0)

Sheet Tree
A1: Which branch of the tree moved?
A2: Revenue is customers times orders per customer times revenue per order; the three ratios multiply back to the revenue ratio.
A4: Measure | B4: Q1 | C4: Q2 | D4: Ratio, Q2 over Q1
A5: Customers | B5: 69 | C5: 69 | D5: =C5/B5
A6: Orders | B6: 114 | C6: 86
A7: Revenue (Rs) | B7: 21000000 | C7: 18700000 | D7: =C7/B7
A9: Orders per customer | B9: =B6/B5 | C9: =C6/C5 | D9: =C9/B9
A10: Revenue per order (Rs) | B10: =B7/B6 | C10: =C7/C5 | D10: =C10/B10
A12: The three ratios multiplied | D12: =D5*D9*D10
A13: The check | B13: =IF(ABS(D12-D7)<0.0005,"The three ratios multiply back to the revenue ratio, "&TEXT(D7,"0.000")&".","The ratios multiply to "&TEXT(D12,"0.000")&" against a revenue ratio of "&TEXT(D7,"0.000")&": one rate carries the wrong denominator. Fix it first.")
A15: Verdict | B15: =IF(ABS(D12-D7)>=0.0005,"Fix the rate with the wrong denominator before naming a branch.",IF(ABS(D5-1)<0.01,"Customers held at "&C5&", so acquisition is not the branch that moved; orders per customer went from "&TEXT(B9,"0.00")&" to "&TEXT(C9,"0.00")&" and "&IF(100*(D9-1)<0,"fell ","rose ")&TEXT(ABS(100*(D9-1)),"0.0")&" percent"&".","Customers "&IF(100*(D5-1)<0,"fell ","rose ")&TEXT(ABS(100*(D5-1)),"0.0")&" percent"&", so the customer branch moved; count lost against new before crediting acquisition."))
A16: Fixed, for the Export tab | B16: =IF(ABS(D12-D7)<0.0005,1,0)

Sheet Discount
A1: What does an absent discount mean?
A2: Invented starting counts: replace them with the counts you take from the file. An absent field is unknown until a default is chosen and written down.
A4: Input | B4: Q1 | C4: Q2
A5: Orders in the quarter | B5: 50 | C5: 45
A6: Orders that record the field | B6: 40 | C6: 30
A7: Orders with a discount above Rs 0 | B7: 24 | C7: 20
A8: Largest recorded discount (Rs) | B8: 150
A9: The revenue fall to explain (Rs) | B9: 2300000
A11: Share with a discount, absent read as zero | B11: =B7/B5 | C11: =C7/C5
A12: Share with a discount, where recorded | B12: =B7/B6 | C12: =C7/C5
A13: Share at most, every blank discounted | B13: =(B7+B5-B6)/B5 | C13: =(C7+C5-C6)/C5
A14: The most the branch could move (Rs) | C14: =B8*C5
A15: The check | B15: =IF(AND(ABS(B12*B6-B7)<0.5,ABS(C12*C6-C7)<0.5),"The where-recorded shares multiply back to the orders with a discount.","A where-recorded share does not multiply back to its orders with a discount: it divides by every order. Fix it first.")
A16: Your default | B16: read absent as zero
A18: Verdict | B18: =IF(OR(ABS(B12*B6-B7)>=0.5,ABS(C12*C6-C7)>=0.5),"Fix the where-recorded share before choosing a default.",IF(B16="read absent as zero","Refuse the zero default: an absent discount is unknown, so the share is a floor; choose a default and write down why.",IF(B16="report where recorded","Report the share where recorded, "&TEXT(B12,"0.0%")&" to "&TEXT(C12,"0.0%")&" of orders, with the orders that lack the field reported separately.","The discount branch is at most "&IF(C14<0,"-","")&"Rs "&IF(ROUND(ABS(C14),0)>=10000000,INT(ROUND(ABS(C14),0)/10000000)&","&TEXT(INT(MOD(ROUND(ABS(C14),0),10000000)/100000),"00")&","&TEXT(INT(MOD(ROUND(ABS(C14),0),100000)/1000),"00")&","&TEXT(MOD(ROUND(ABS(C14),0),1000),"000"),IF(ROUND(ABS(C14),0)>=100000,INT(ROUND(ABS(C14),0)/100000)&","&TEXT(INT(MOD(ROUND(ABS(C14),0),100000)/1000),"00")&","&TEXT(MOD(ROUND(ABS(C14),0),1000),"000"),IF(ROUND(ABS(C14),0)>=1000,INT(ROUND(ABS(C14),0)/1000)&","&TEXT(MOD(ROUND(ABS(C14),0),1000),"000"),ROUND(ABS(C14),0)&"")))&", "&TEXT(100*C14/B9,"0.00")&" percent of the fall, so it did not move revenue.")))
A19: Fixed, for the Export tab | B19: =IF(AND(ABS(B12*B6-B7)<0.5,ABS(C12*C6-C7)<0.5),1,0)

Sheet Rollup
A1: Should the segments be weighted or averaged?
A2: A company rate is rolled up with its weights: total orders over total customers, never the average of the segment rates.
A4: Segment | B4: Customers Q1 | C4: Customers Q2 | D4: Orders Q1 | E4: Orders Q2 | F4: Orders per customer, Q1 then Q2
A5: Retail-Core | B5: 34 | C5: 34 | D5: 38 | E5: 36 | F5: =TEXT(D5/B5,"0.00")&" then "&TEXT(E5/C5,"0.00")
A6: Retail-Plus | B6: 22 | C6: 22 | D6: 51 | E6: 26 | F6: =TEXT(D6/B6,"0.00")&" then "&TEXT(E6/C6,"0.00")
A7: Business | B7: 11 | C7: 11 | D7: 20 | E7: 17 | F7: =TEXT(D7/B7,"0.00")&" then "&TEXT(E7/C7,"0.00")
A8: Student | B8: 2 | C8: 2 | D8: 5 | E8: 7 | F8: =TEXT(D8/B8,"0.00")&" then "&TEXT(E8/C8,"0.00")
A10: Company, Q1 | B10: =(D5/B5+D6/B6+D7/B7+D8/B8)/4
A11: Company, Q2 | B11: =SUM(E5:E8)/SUM(C5:C8)
A12: Percent change | B12: =100*(B11/B10-1)
A13: The check | B13: =IF(AND(ABS(B10*SUM(B5:B8)-SUM(D5:D8))<0.5,ABS(B11*SUM(C5:C8)-SUM(E5:E8))<0.5),"Both company figures multiply back to the total orders.","A company figure does not multiply back to the total orders: it averages the segment averages. Fix it first.")
A15: Verdict | B15: =IF(OR(ABS(B10*SUM(B5:B8)-SUM(D5:D8))>=0.5,ABS(B11*SUM(C5:C8)-SUM(E5:E8))>=0.5),"Fix the roll-up that averages the averages before reading frequency.",IF(B12<=-15,"Frequency carries the fall: orders per customer "&TEXT(B10,"0.00")&" to "&TEXT(B11,"0.00")&", which "&IF(B12<0,"fell ","rose ")&TEXT(ABS(B12),"0.0")&" percent"&".","Frequency "&IF(B12<0,"fell ","rose ")&TEXT(ABS(B12),"0.0")&" percent"&", "&TEXT(B10,"0.00")&" to "&TEXT(B11,"0.00")&", too little to carry the fall on its own."))
A16: Fixed, for the Export tab | B16: =IF(AND(ABS(B10*SUM(B5:B8)-SUM(D5:D8))<0.5,ABS(B11*SUM(C5:C8)-SUM(E5:E8))<0.5),1,0)

Sheet Segments
A1: Does every group that goes in come back out?
A2: The change in orders per customer for every segment, with big moves flagged in their own column and every segment kept.
A4: Segment | B4: Q1 orders per customer | C4: Q2 orders per customer | D4: Change, percent | E4: Flag
A5: =Rollup!A5 | B5: =Rollup!D5/Rollup!B5 | C5: =Rollup!E5/Rollup!C5 | D5: =IF(ABS(100*(C5/B5-1))>30,"",ROUND(100*(C5/B5-1),1)) | E5: =IF(ABS(100*(C5/B5-1))>30,"check by hand","")
A6: =Rollup!A6 | B6: =Rollup!D6/Rollup!B6 | C6: =Rollup!E6/Rollup!C6 | D6: =IF(ABS(100*(C6/B6-1))>30,"",ROUND(100*(C6/B6-1),1)) | E6: =IF(ABS(100*(C6/B6-1))>30,"check by hand","")
A7: =Rollup!A7 | B7: =Rollup!D7/Rollup!B7 | C7: =Rollup!E7/Rollup!C7 | D7: =IF(ABS(100*(C7/B7-1))>30,"",ROUND(100*(C7/B7-1),1)) | E7: =IF(ABS(100*(C7/B7-1))>30,"check by hand","")
A8: =Rollup!A8 | B8: =Rollup!D8/Rollup!B8 | C8: =Rollup!E8/Rollup!C8 | D8: =IF(ABS(100*(C8/B8-1))>30,"",ROUND(100*(C8/B8-1),1)) | E8: =IF(ABS(100*(C8/B8-1))>30,"check by hand","")
A10: Groups in | B10: =COUNTA(A5:A8)
A11: Rows out | B11: =COUNT(D5:D8)
A12: The check | B12: =IF(B10=B11,"Every segment that went in came out with a number.",B10-B11&" of "&B10&" segments went in and came out empty: the change formula drops the big moves. Fix it first.")
A13: The largest fall | B13: =MIN(D5:D8)
A14: Its segment | B14: =INDEX(A5:A8,MATCH(B13,D5:D8,0))
A16: Verdict | B16: =IF(B10<>B11,"Fix the change formula that drops the big moves before naming a segment.","The largest fall in orders per customer is "&B14&", "&TEXT(B13,"0.0")&" percent: its head hears first that his tier is the one slipping.")
A17: Fixed, for the Export tab | B17: =IF(B10=B11,1,0)

Sheet Export
A1: Is the brief ready to go to Meera?
A2: Released only when every tab's check passes. Paste the brief into the note to Meera.
A4: Tabs fixed | B4: =Window!B19+Tree!B16+Discount!B19+Rollup!B16+Segments!B17
A5: Release | B5: =IF(B4=5,"Ready to paste into the note to Meera.","Not ready: "&(5-B4)&" of the five tabs still carry a defect to fix first.")
A7: Paste-ready brief | B7: =IF(B4=5,"Window: "&Window!B18&CHAR(10)&"Tree: "&Tree!B15&CHAR(10)&"Discount: "&Discount!B18&CHAR(10)&"Rollup: "&Rollup!B15&CHAR(10)&"Segments: "&Segments!B16,"The brief assembles once every tab passes its check.")
