Workbook

Sheet Read me
A1: Chapter 7 hands-on: the pivot that agrees with your notebook
A2: Week 0 foundations guide, Chapter 7. Guided workbook, 45 minutes.
A3: Meera's question: "Revenue fell from Q1 to Q2, where did it go?"
A4: The chapter's moment is the Build 1 presentation in Week 3, when a panel member opens the group's numbers in a spreadsheet and asks why the pivot disagrees with the notebook. It should not, and this workbook is how you make sure: mini project 1's rows go into a Table, a PivotTable and a SUMIFS rebuild the revenue by tier, and the Checks sheet compares both with the totals the notebook printed.
A5: Yellow cells are yours to fill. Every other cell is text or a formula that computes, and nothing in the workbook uses a macro.
A6: The ten rows on the Orders sheet are the practice rows of the Chapter 1 guided exercise, constructed to mini project 1's spec: ten rows, three bad amounts and one cancelled order, none of them Kalpa's data. The notebook totals on the Checks sheet are what mini project 1's loop prints for them, Plus Rs 3,350 and Basic Rs 2,150, and the Chapter 6 pandas chain reaches the same two totals. To use your own, paste your ten rows into the Orders table and type your notebook's totals into the yellow cells on the Checks sheet.
A8: Step | B8: Sheet | C8: What to do | D8: Minutes | E8: You are done when
A9: 1 | B9: Read me | C9: Redraw the chapter's picture on paper from memory: the four questions from Meera's table and how SQL, pandas and Excel each spell them. Then compare your drawing with Figure 27 below. | D9: 4 | E9: your drawing has the four rows, with the PivotTable and SUMIFS in the Excel column.
A10: 2 | B10: Orders | C10: Read the Table: which rows the notebook rejected, which order is cancelled, and which amounts are text. Then predict the Plus total the PivotTable will show and type it in the yellow prediction cell on the Pivot sheet. | D10: 4 | E10: your prediction is typed, before any pivot exists.
A11: 3 | B11: Pivot | C11: Build the PivotTable by hand in the space the Pivot sheet sets aside, with tier in Rows, amount in Values and status in Filters set to paid, then type its two tier totals into the yellow cells. | D11: 10 | E11: both readings are typed and the Checks sheet reads matches beside each.
A12: 4 | B12: SUMIFS | C12: Write the SUMIFS for Plus in the yellow cell, over whole columns like the two worked examples above it. | D12: 6 | E12: the Checks sheet reads matches beside SUMIFS, Plus.
A13: 5 | B13: SUMIFS | C13: Trace the Plus SUMIFS by hand: for each of the ten rows, write what it adds, and 0 where it adds nothing. Do this before you open the Checks sheet. | D13: 7 | E13: the Checks sheet reads matches beside your trace.
A14: 6 | B14: SUMIFS | C14: Break it on purpose: type the formula written over rows 2 to 10, the range that stops one row short, and read its verdict on the Checks sheet. Then read the fix under it. | D14: 7 | E14: you can say which order the short range misses and by how many rupees.
A15: 7 | B15: Checks | C15: Read every verdict from the top, and the sentence at the bottom, which is the one Meera hears once everything agrees. | D15: 4 | E15: the sentence begins with Plus paid revenue.
A16: 8 | B16: Your repository | C16: Take a screenshot of the PivotTable and put it in the w00-diagnostic-pandas README beside the pandas result, as the chapter asks. | D16: 3 | E16: the README shows the pivot and the pandas totals side by side.
A18: Figure 27, to compare with your drawing: one question, three tools, and the operation is the same; only the spelling changes.
B19: Question | C19: SQL | D19: pandas | E19: Excel
B20: Revenue per tier | C20: GROUP BY tier | D20: groupby('tier').sum() | E20: PivotTable, or SUMIFS
B21: Paid orders only | C21: WHERE status='paid' | D21: df[df.status=='paid'] | E21: filter, or SUMIFS criteria
B22: Latest call per ticket | C22: ROW_NUMBER() OVER | D22: sort + drop_duplicates | E22: sort, then remove duplicates
B23: Attach city to orders | C23: JOIN customers | D23: merge(customers) | E23: INDEX and MATCH, or XLOOKUP

Sheet Orders
A1: order_id | B1: tier | C1: amount | D1: status | F1: Mini project 1's ten practice rows from the Chapter 1 guided exercise: three bad amounts and one cancelled order.
A2: K-101 | B2: Plus | C2: 1200 | D2: paid | F2: The amounts arrive as numbers except the three the notebook rejected: K-103's is the text n/a, K-107's is blank, and K-109's is the text Rs 900, which a person reads easily and SUMIFS skips.
A3: K-102 | B3: Basic | C3: 950 | D3: paid | F3: K-105 is cancelled, so every paid-only total leaves it out.
A4: K-103 | B4: Plus | C4: n/a | D4: paid | F4: To use your own rows, paste them inside this Table, which grows to take them.
A5: K-104 | B5: Basic | C5: 300 | D5: paid
A6: K-105 | B6: Plus | C6: 800 | D6: cancelled
A7: K-106 | B7: Basic | C7: 900 | D7: paid
A8: K-107 | B8: Plus | D8: paid
A9: K-108 | B9: Plus | C9: 1200 | D9: paid
A10: K-109 | B10: Basic | C10: Rs 900 | D10: paid
A11: K-110 | B11: Plus | C11: 950 | D11: paid

Sheet Pivot
A1: Build the PivotTable by hand
A2: A PivotTable is GROUP BY for people who will never see your code.
A4: 1. Click any cell inside the Orders table on the Orders sheet.
A5: 2. Insert, then PivotTable; choose Existing worksheet and click cell E13 on this sheet.
A6: 3. Tick tier into Rows and amount into Values, and drag status into Filters.
A7: 4. Set the status filter to paid.
A8: 5. If Values shows Count of amount, open its Value Field Settings and choose Sum; a column that holds text or blanks can make Count the default.
A9: 6. Read the two tier totals and type them into the yellow cells below.
A11: Before you build it: the Plus total you predict the PivotTable will show | E11: Your PivotTable goes here, with its top-left corner in E13.
A13: Read your PivotTable: the total it shows | B13: Sum of amount
A14: Plus
A15: Basic

Sheet SUMIFS
A1: SUMIFS: one cell you can point at
A2: SUMIFS takes the range to add first, then pairs of a criteria range and its criteria; use SUMIFS everywhere, even for one criterion, so the order never changes.
A4: What it adds | B4: Result
A5: All tiers, paid (a worked example) | B5: =SUMIFS(Orders!C:C,Orders!D:D,"paid")
A6: Basic, paid (a worked example) | B6: =SUMIFS(Orders!C:C,Orders!B:B,"Basic",Orders!D:D,"paid")
A7: Plus, paid (yours to write)
A8: Click B5 or B6 to read how the worked examples are written. Write B7 the same way, over whole columns: the amount column to add, then the tier column with "Plus", then the status column with "paid". The chapter writes the same formula with the Table's column names, which grow with the Table in the same way.
A10: Trace the Plus SUMIFS by hand, before you open the Checks sheet
A11: For each row, write what the Plus SUMIFS adds from it: the amount when the tier is Plus, the status is paid and the amount is a number, and 0 otherwise.
A12: order_id | B12: tier | C12: amount | D12: status | E12: what the Plus SUMIFS adds
A13: =Orders!A2 | B13: =Orders!B2 | C13: =IF(Orders!C2="","",Orders!C2) | D13: =Orders!D2
A14: =Orders!A3 | B14: =Orders!B3 | C14: =IF(Orders!C3="","",Orders!C3) | D14: =Orders!D3
A15: =Orders!A4 | B15: =Orders!B4 | C15: =IF(Orders!C4="","",Orders!C4) | D15: =Orders!D4
A16: =Orders!A5 | B16: =Orders!B5 | C16: =IF(Orders!C5="","",Orders!C5) | D16: =Orders!D5
A17: =Orders!A6 | B17: =Orders!B6 | C17: =IF(Orders!C6="","",Orders!C6) | D17: =Orders!D6
A18: =Orders!A7 | B18: =Orders!B7 | C18: =IF(Orders!C7="","",Orders!C7) | D18: =Orders!D7
A19: =Orders!A8 | B19: =Orders!B8 | C19: =IF(Orders!C8="","",Orders!C8) | D19: =Orders!D8
A20: =Orders!A9 | B20: =Orders!B9 | C20: =IF(Orders!C9="","",Orders!C9) | D20: =Orders!D9
A21: =Orders!A10 | B21: =Orders!B10 | C21: =IF(Orders!C10="","",Orders!C10) | D21: =Orders!D10
A22: =Orders!A11 | B22: =Orders!B11 | C22: =IF(Orders!C11="","",Orders!C11) | D22: =Orders!D11
A25: Break it on purpose: the range that stops one row short
A26: The hurried version was written over the rows on screen when the sheet held nine orders, rows 2 to 10, and the tenth order was pasted in below them later. Type it into B27 exactly as it stands here, then read its verdict on the Checks sheet: =SUMIFS(Orders!C2:C10,Orders!B2:B10,"Plus",Orders!D2:D10,"paid")
A27: Plus, paid, over rows 2 to 10 only
A28: The fix is the formula in B7. Whole columns take in every row the Table gains, so an order pasted in later can never fall outside the total, and a PivotTable built on the Table grows with it in the same way.

Sheet Checks
A1: Checks: does the sheet agree with the notebook?
A2: Every verdict computes: it reads matches when the two numbers agree, names the gap when they do not, and says what to fill first while its input is empty.
A4: The totals your notebook printed | B4: Rupees
A5: Plus | B5: 3350
A6: Basic | B6: 2150
A7: All tiers, the sum of the two | B7: =SUM(B5:B6)
A9: Check | B9: In this workbook | C9: In the notebook | D9: Verdict
A10: SUMIFS, all tiers, paid (worked example) | B10: =IF(SUMIFS!B5="","",SUMIFS!B5) | C10: =B7 | D10: =IF(SUMIFS!B5="","the worked example on the SUMIFS sheet is empty",IF(ABS(SUMIFS!B5-B7)<0.5,"matches","Rs "&ABS(SUMIFS!B5-B7)&IF(SUMIFS!B5<B7," short of"," above")&" the notebook's Rs "&B7))
A11: SUMIFS, Basic, paid (worked example) | B11: =IF(SUMIFS!B6="","",SUMIFS!B6) | C11: =B6 | D11: =IF(SUMIFS!B6="","the worked example on the SUMIFS sheet is empty",IF(ABS(SUMIFS!B6-B6)<0.5,"matches","Rs "&ABS(SUMIFS!B6-B6)&IF(SUMIFS!B6<B6," short of"," above")&" the notebook's Rs "&B6))
A12: SUMIFS, Plus, paid (yours) | B12: =IF(SUMIFS!B7="","",SUMIFS!B7) | C12: =B5 | D12: =IF(SUMIFS!B7="","write the Plus SUMIFS in B7 on the SUMIFS sheet first",IF(ABS(SUMIFS!B7-B5)<0.5,"matches","Rs "&ABS(SUMIFS!B7-B5)&IF(SUMIFS!B7<B5," short of"," above")&" the notebook's Rs "&B5))
A13: PivotTable, Plus | B13: =IF(Pivot!B14="","",Pivot!B14) | C13: =B5 | D13: =IF(Pivot!B14="","type the pivot's Plus total on the Pivot sheet first",IF(ABS(Pivot!B14-B5)<0.5,"matches","Rs "&ABS(Pivot!B14-B5)&IF(Pivot!B14<B5," short of"," above")&" the notebook's Rs "&B5))
A14: PivotTable, Basic | B14: =IF(Pivot!B15="","",Pivot!B15) | C14: =B6 | D14: =IF(Pivot!B15="","type the pivot's Basic total on the Pivot sheet first",IF(ABS(Pivot!B15-B6)<0.5,"matches","Rs "&ABS(Pivot!B15-B6)&IF(Pivot!B15<B6," short of"," above")&" the notebook's Rs "&B6))
A15: Your prediction of the pivot's Plus total | B15: =IF(Pivot!B11="","",Pivot!B11) | C15: =B5 | D15: =IF(Pivot!B11="","type your prediction on the Pivot sheet first",IF(ABS(Pivot!B11-B5)<0.5,"matches","Rs "&ABS(Pivot!B11-B5)&IF(Pivot!B11<B5," short of"," above")&" the notebook's Rs "&B5))
A16: Your trace of the Plus SUMIFS, rows that agree | B16: =COUNTIFS(D23:D32,"yes") | C16: 10 | D16: =IF((COUNTIFS(D23:D32,"yes")+COUNTIFS(D23:D32,"no"))=0,"fill the trace on the SUMIFS sheet first",IF((COUNTIFS(D23:D32,"yes")+COUNTIFS(D23:D32,"no"))<10,"fill all 10 rows of the trace first: "&(COUNTIFS(D23:D32,"yes")+COUNTIFS(D23:D32,"no"))&" are filled",IF(COUNTIFS(D23:D32,"yes")=10,"matches",(10-COUNTIFS(D23:D32,"yes"))&" of 10 rows differ; the rows marked no below show where")))
A17: The range that stops one row short (break it on purpose) | B17: =IF(SUMIFS!B27="","",SUMIFS!B27) | C17: =B5 | D17: =IF(SUMIFS!B27="","type the formula from the break-it block on the SUMIFS sheet first",IF(ABS(SUMIFS!B27-B5)<0.5,"matches","Rs "&ABS(SUMIFS!B27-B5)&IF(SUMIFS!B27<B5," short of"," above")&" the notebook's Rs "&B5))
A19: The sentence Meera hears | B19: =IF(COUNTIFS(D10:D14,"matches")+IF(D16="matches",1,0)=6,"Plus paid revenue is Rs "&B5&" in the SUMIFS, the PivotTable and the notebook alike, and every tier agrees the same way, so the number Meera hears can be rebuilt in a sheet where she can see it.","Not ready to say to Meera: "&(6-(COUNTIFS(D10:D14,"matches")+IF(D16="matches",1,0)))&" of the six agreement checks above still differ or wait for you.")
A21: Your trace, row by row, against what the Plus SUMIFS adds from each row; a row shows once you have written yours
A22: order_id | B22: the Plus SUMIFS adds | C22: you wrote | D22: agree
A23: =Orders!A2 | B23: =IF(SUMIFS!E13="","",SUMIFS(Orders!C2,Orders!B2,"Plus",Orders!D2,"paid")) | C23: =IF(SUMIFS!E13="","",SUMIFS!E13) | D23: =IF(SUMIFS!E13="","",IF(ABS(SUMIFS!E13-B23)<0.5,"yes","no"))
A24: =Orders!A3 | B24: =IF(SUMIFS!E14="","",SUMIFS(Orders!C3,Orders!B3,"Plus",Orders!D3,"paid")) | C24: =IF(SUMIFS!E14="","",SUMIFS!E14) | D24: =IF(SUMIFS!E14="","",IF(ABS(SUMIFS!E14-B24)<0.5,"yes","no"))
A25: =Orders!A4 | B25: =IF(SUMIFS!E15="","",SUMIFS(Orders!C4,Orders!B4,"Plus",Orders!D4,"paid")) | C25: =IF(SUMIFS!E15="","",SUMIFS!E15) | D25: =IF(SUMIFS!E15="","",IF(ABS(SUMIFS!E15-B25)<0.5,"yes","no"))
A26: =Orders!A5 | B26: =IF(SUMIFS!E16="","",SUMIFS(Orders!C5,Orders!B5,"Plus",Orders!D5,"paid")) | C26: =IF(SUMIFS!E16="","",SUMIFS!E16) | D26: =IF(SUMIFS!E16="","",IF(ABS(SUMIFS!E16-B26)<0.5,"yes","no"))
A27: =Orders!A6 | B27: =IF(SUMIFS!E17="","",SUMIFS(Orders!C6,Orders!B6,"Plus",Orders!D6,"paid")) | C27: =IF(SUMIFS!E17="","",SUMIFS!E17) | D27: =IF(SUMIFS!E17="","",IF(ABS(SUMIFS!E17-B27)<0.5,"yes","no"))
A28: =Orders!A7 | B28: =IF(SUMIFS!E18="","",SUMIFS(Orders!C7,Orders!B7,"Plus",Orders!D7,"paid")) | C28: =IF(SUMIFS!E18="","",SUMIFS!E18) | D28: =IF(SUMIFS!E18="","",IF(ABS(SUMIFS!E18-B28)<0.5,"yes","no"))
A29: =Orders!A8 | B29: =IF(SUMIFS!E19="","",SUMIFS(Orders!C8,Orders!B8,"Plus",Orders!D8,"paid")) | C29: =IF(SUMIFS!E19="","",SUMIFS!E19) | D29: =IF(SUMIFS!E19="","",IF(ABS(SUMIFS!E19-B29)<0.5,"yes","no"))
A30: =Orders!A9 | B30: =IF(SUMIFS!E20="","",SUMIFS(Orders!C9,Orders!B9,"Plus",Orders!D9,"paid")) | C30: =IF(SUMIFS!E20="","",SUMIFS!E20) | D30: =IF(SUMIFS!E20="","",IF(ABS(SUMIFS!E20-B30)<0.5,"yes","no"))
A31: =Orders!A10 | B31: =IF(SUMIFS!E21="","",SUMIFS(Orders!C10,Orders!B10,"Plus",Orders!D10,"paid")) | C31: =IF(SUMIFS!E21="","",SUMIFS!E21) | D31: =IF(SUMIFS!E21="","",IF(ABS(SUMIFS!E21-B31)<0.5,"yes","no"))
A32: =Orders!A11 | B32: =IF(SUMIFS!E22="","",SUMIFS(Orders!C11,Orders!B11,"Plus",Orders!D11,"paid")) | C32: =IF(SUMIFS!E22="","",SUMIFS!E22) | D32: =IF(SUMIFS!E22="","",IF(ABS(SUMIFS!E22-B32)<0.5,"yes","no"))
