Workbook

Sheet Read me
A1: Build 1 GD scoring sheet (TRAINER ONLY)
A3: The rubric is Build 1's GD rubric as the requester approved it on 29 September 2026, recorded in data/programme/facts.yaml (evaluation.rubrics.W03). The GD is worth 30 marks and each learner is scored alone.
A4: Yellow cells with blue text are the inputs: the learner's name, whether the learner sat the round, the slot and card from the roster, and the four criterion scores. Totals, checks and the summary are formulas.
A5: Learner names go into the copy the Programme Head keeps, never into the committed file, because the repository is public.
A6: Score from the chair's evidence notes (see gd/C2_W03_D05_gd_facilitation_TRAINER.md), which record each learner's contributions with the minute and the move.
A7: Mark an empty seat or an absent learner N in the Sat column; the row then reads absent and drops out of the counts. A Sat cell left empty reads 'type Y or N in Sat', and the Summary's verdict names it until it is filled.
A8: The Scores sheet holds 35 seats, one per learner: eight groups of four and G9 of three, as Thursday's roster and Saturday's sheets seat the cohort. Relabel the seats if Monday's allocation put the group of three elsewhere.
A9: The rubric scores the moves a learner makes, whatever card the group drew, so the same move earns the same marks on a level 5 card as on a level 1 card. What full marks look like on each card is in gd/C2_W03_D05_gd_prompts_TRAINER.md, one block per card.

Sheet Rubric
A1: GD rubric, 30 marks per learner
A2: Criterion | B2: Marks | C2: What full marks look like
A3: Structures the problem | B3: 8 | C3: The learner frames the decision and the metric before arguing.
A4: Uses evidence | B4: 8 | C4: The learner takes a position and defends it with a number from the exhibit.
A5: Engages | B5: 8 | C5: The learner builds on or challenges another member's point and brings a quiet member in.
A6: Lands a conclusion | B6: 6 | C6: The discussion ends on a recommendation and its main risk.
A7: Total | B7: =SUM(B3:B6) -> 30
A9: Source: data/programme/facts.yaml, evaluation.rubrics.W03.events.gd, approved 29 September 2026.

Sheet Scores
A1: Scores, one row per learner
A2: Group | B2: Seat | C2: Learner | D2: Sat the round (Y or N) | E2: Slot | F2: Card | G2: Chair | H2: Structures the problem (of 8) | I2: Uses evidence (of 8) | J2: Engages (of 8) | K2: Lands a conclusion (of 6) | L2: Total (of 30) | M2: Check
A3: G1 | B3: 1 | D3: Y | L3: =IF(D3="N","absent",IF(D3<>"Y","type Y or N in Sat",IF(COUNT(H3:K3)<4,"incomplete",SUM(H3:K3)))) -> incomplete | M3: =IF(OR(H3>Rubric!$B$3,I3>Rubric!$B$4,J3>Rubric!$B$5,K3>Rubric!$B$6,MIN(H3:K3)<0),"above a maximum or below zero","ok") -> ok
A4: G1 | B4: 2 | D4: Y | L4: =IF(D4="N","absent",IF(D4<>"Y","type Y or N in Sat",IF(COUNT(H4:K4)<4,"incomplete",SUM(H4:K4)))) -> incomplete | M4: =IF(OR(H4>Rubric!$B$3,I4>Rubric!$B$4,J4>Rubric!$B$5,K4>Rubric!$B$6,MIN(H4:K4)<0),"above a maximum or below zero","ok") -> ok
A5: G1 | B5: 3 | D5: Y | L5: =IF(D5="N","absent",IF(D5<>"Y","type Y or N in Sat",IF(COUNT(H5:K5)<4,"incomplete",SUM(H5:K5)))) -> incomplete | M5: =IF(OR(H5>Rubric!$B$3,I5>Rubric!$B$4,J5>Rubric!$B$5,K5>Rubric!$B$6,MIN(H5:K5)<0),"above a maximum or below zero","ok") -> ok
A6: G1 | B6: 4 | D6: Y | L6: =IF(D6="N","absent",IF(D6<>"Y","type Y or N in Sat",IF(COUNT(H6:K6)<4,"incomplete",SUM(H6:K6)))) -> incomplete | M6: =IF(OR(H6>Rubric!$B$3,I6>Rubric!$B$4,J6>Rubric!$B$5,K6>Rubric!$B$6,MIN(H6:K6)<0),"above a maximum or below zero","ok") -> ok
A7: G2 | B7: 1 | D7: Y | L7: =IF(D7="N","absent",IF(D7<>"Y","type Y or N in Sat",IF(COUNT(H7:K7)<4,"incomplete",SUM(H7:K7)))) -> incomplete | M7: =IF(OR(H7>Rubric!$B$3,I7>Rubric!$B$4,J7>Rubric!$B$5,K7>Rubric!$B$6,MIN(H7:K7)<0),"above a maximum or below zero","ok") -> ok
A8: G2 | B8: 2 | D8: Y | L8: =IF(D8="N","absent",IF(D8<>"Y","type Y or N in Sat",IF(COUNT(H8:K8)<4,"incomplete",SUM(H8:K8)))) -> incomplete | M8: =IF(OR(H8>Rubric!$B$3,I8>Rubric!$B$4,J8>Rubric!$B$5,K8>Rubric!$B$6,MIN(H8:K8)<0),"above a maximum or below zero","ok") -> ok
A9: G2 | B9: 3 | D9: Y | L9: =IF(D9="N","absent",IF(D9<>"Y","type Y or N in Sat",IF(COUNT(H9:K9)<4,"incomplete",SUM(H9:K9)))) -> incomplete | M9: =IF(OR(H9>Rubric!$B$3,I9>Rubric!$B$4,J9>Rubric!$B$5,K9>Rubric!$B$6,MIN(H9:K9)<0),"above a maximum or below zero","ok") -> ok
A10: G2 | B10: 4 | D10: Y | L10: =IF(D10="N","absent",IF(D10<>"Y","type Y or N in Sat",IF(COUNT(H10:K10)<4,"incomplete",SUM(H10:K10)))) -> incomplete | M10: =IF(OR(H10>Rubric!$B$3,I10>Rubric!$B$4,J10>Rubric!$B$5,K10>Rubric!$B$6,MIN(H10:K10)<0),"above a maximum or below zero","ok") -> ok
A11: G3 | B11: 1 | D11: Y | L11: =IF(D11="N","absent",IF(D11<>"Y","type Y or N in Sat",IF(COUNT(H11:K11)<4,"incomplete",SUM(H11:K11)))) -> incomplete | M11: =IF(OR(H11>Rubric!$B$3,I11>Rubric!$B$4,J11>Rubric!$B$5,K11>Rubric!$B$6,MIN(H11:K11)<0),"above a maximum or below zero","ok") -> ok
A12: G3 | B12: 2 | D12: Y | L12: =IF(D12="N","absent",IF(D12<>"Y","type Y or N in Sat",IF(COUNT(H12:K12)<4,"incomplete",SUM(H12:K12)))) -> incomplete | M12: =IF(OR(H12>Rubric!$B$3,I12>Rubric!$B$4,J12>Rubric!$B$5,K12>Rubric!$B$6,MIN(H12:K12)<0),"above a maximum or below zero","ok") -> ok
A13: G3 | B13: 3 | D13: Y | L13: =IF(D13="N","absent",IF(D13<>"Y","type Y or N in Sat",IF(COUNT(H13:K13)<4,"incomplete",SUM(H13:K13)))) -> incomplete | M13: =IF(OR(H13>Rubric!$B$3,I13>Rubric!$B$4,J13>Rubric!$B$5,K13>Rubric!$B$6,MIN(H13:K13)<0),"above a maximum or below zero","ok") -> ok
A14: G3 | B14: 4 | D14: Y | L14: =IF(D14="N","absent",IF(D14<>"Y","type Y or N in Sat",IF(COUNT(H14:K14)<4,"incomplete",SUM(H14:K14)))) -> incomplete | M14: =IF(OR(H14>Rubric!$B$3,I14>Rubric!$B$4,J14>Rubric!$B$5,K14>Rubric!$B$6,MIN(H14:K14)<0),"above a maximum or below zero","ok") -> ok
... A37: G9 | B37: 3 | D37: Y | L37: =IF(D37="N","absent",IF(D37<>"Y","type Y or N in Sat",IF(COUNT(H37:K37)<4,"incomplete",SUM(H37:K37)))) -> incomplete | M37: =IF(OR(H37>Rubric!$B$3,I37>Rubric!$B$4,J37>Rubric!$B$5,K37>Rubric!$B$6,MIN(H37:K37)<0),"above a maximum or below zero","ok") -> ok

Sheet Summary
A1: Summary
A2: What | B2: Result
A3: Learners who sat a round | B3: =COUNTIF(Scores!D3:D37,"Y") -> 35
A4: Learners fully scored | B4: =COUNTIFS(Scores!D3:D37,"Y",Scores!L3:L37,">=0") -> 0
A5: Scores above a criterion's maximum or below zero | B5: =COUNTIF(Scores!M3:M37,"above*") -> 0
A6: Rubric total checks | B6: =IF(Rubric!B7=30,"the rubric adds to 30","the rubric adds to "&Rubric!B7&", not 30") -> the rubric adds to 30
A7: Verdict | B7: =IF(B5>0,B5&" row(s) hold a score outside the rubric",IF(B8>0,B8&" row(s) need Y or N in the Sat column",IF(B4=B3,"every learner who sat a round is scored",B3-B4&" learners still to score"))) -> 35 learners still to score
A8: Rows whose Sat cell is neither Y nor N | B8: =ROWS(Scores!D3:D37)-COUNTIF(Scores!D3:D37,"Y")-COUNTIF(Scores!D3:D37,"N") -> 0
A10: Group means, for the Programme Head's read; each learner's own total is the grade
A11: Group | B11: Mean total | C11: Learners scored
A12: G1 | B12: =IFERROR(AVERAGEIF(Scores!A3:A37,A12,Scores!L3:L37),"none scored") -> none scored | C12: =COUNTIFS(Scores!A3:A37,A12,Scores!L3:L37,">=0") -> 0
A13: G2 | B13: =IFERROR(AVERAGEIF(Scores!A3:A37,A13,Scores!L3:L37),"none scored") -> none scored | C13: =COUNTIFS(Scores!A3:A37,A13,Scores!L3:L37,">=0") -> 0
A14: G3 | B14: =IFERROR(AVERAGEIF(Scores!A3:A37,A14,Scores!L3:L37),"none scored") -> none scored | C14: =COUNTIFS(Scores!A3:A37,A14,Scores!L3:L37,">=0") -> 0
A15: G4 | B15: =IFERROR(AVERAGEIF(Scores!A3:A37,A15,Scores!L3:L37),"none scored") -> none scored | C15: =COUNTIFS(Scores!A3:A37,A15,Scores!L3:L37,">=0") -> 0
A16: G5 | B16: =IFERROR(AVERAGEIF(Scores!A3:A37,A16,Scores!L3:L37),"none scored") -> none scored | C16: =COUNTIFS(Scores!A3:A37,A16,Scores!L3:L37,">=0") -> 0
A17: G6 | B17: =IFERROR(AVERAGEIF(Scores!A3:A37,A17,Scores!L3:L37),"none scored") -> none scored | C17: =COUNTIFS(Scores!A3:A37,A17,Scores!L3:L37,">=0") -> 0
A18: G7 | B18: =IFERROR(AVERAGEIF(Scores!A3:A37,A18,Scores!L3:L37),"none scored") -> none scored | C18: =COUNTIFS(Scores!A3:A37,A18,Scores!L3:L37,">=0") -> 0
A19: G8 | B19: =IFERROR(AVERAGEIF(Scores!A3:A37,A19,Scores!L3:L37),"none scored") -> none scored | C19: =COUNTIFS(Scores!A3:A37,A19,Scores!L3:L37,">=0") -> 0
A20: G9 | B20: =IFERROR(AVERAGEIF(Scores!A3:A37,A20,Scores!L3:L37),"none scored") -> none scored | C20: =COUNTIFS(Scores!A3:A37,A20,Scores!L3:L37,">=0") -> 0
