Workbook

Sheet Read me
A1: Mock R1 scoring sheet, Build 1
A2: TRAINER ONLY. Seats and groups, never names. One shared copy; each assessor scores only their own rows.
A4: Which cells to edit
A5: On Scores, the six yellow mark cells of a learner's row, entered in the changeover straight after the mock, from the evidence note. The assessor column is prefilled from the roster's default split and changes only if a learner was moved to another assessor. Every other cell is a formula.
A7: Where the criteria come from
A8: The Criteria sheet copies the mock rubric approved by the requester on 29 September 2026, held in data/programme/facts.yaml: 15 marks on the technical half and 15 on the project viva, 30 in all. If facts.yaml changes, rebuild this sheet rather than editing the Criteria sheet by hand.
A10: What the status column says
A11: not scored: no mark entered yet. incomplete: some marks entered, some missing. scored: all six entered and each within its maximum. check: a mark is above its maximum: fix it before anything else is read from the sheet.
A13: The two checks at the close
A14: The Assessors sheet shows each assessor's average per half. A gap of more than about two marks between assessors on one half is discussed at the close, one sentence each, before any score moves; a score changes only against its evidence note. The Groups sheet shows each group's average, which the close reads for patterns and never announces.
A16: A worked row
A17: The Example sheet carries one learner's marks with the same formulas, so the format is visible before the first mock. It is not part of any total.

Sheet Criteria
A1: Code | B1: Half | C1: Criterion | D1: Maximum
A2: C1 | B2: Technical | C2: Correctness | D2: 8
A3: C2 | B3: Technical | C3: Reasoning aloud with numbers | D3: 4
A4: C3 | B4: Technical | C4: Handling a follow-up | D4: 3
A5: C4 | B5: Project viva | C5: The translation, with one decision defended by evidence | D5: 6
A6: C5 | B6: Project viva | C6: Defending a caveat under challenge | D6: 6
A7: C6 | B7: Project viva | C7: What they would do differently | D7: 3
C9: Technical half | D9: =SUMIF(B2:B7,"Technical",D2:D7) -> 15
C10: Project viva | D10: =SUMIF(B2:B7,"Project viva",D2:D7) -> 15
C11: The mock | D11: =SUM(D2:D7) -> 30
C12: Matches the locked 30 marks | D12: =IF(D11=30,"yes","no: rebuild from facts.yaml") -> yes

Sheet Scores
A1: Seat | B1: Group | C1: Assessor | D1: C1 Correctness (/8) | E1: C2 Reasoning aloud with numbers (/4) | F1: C3 Handling a follow-up (/3) | G1: C4 The translation, with one decision defended by evidence (/6) | H1: C5 Defending a caveat under challenge (/6) | I1: C6 What they would do differently (/3) | J1: Technical (/15) | K1: Viva (/15) | L1: Mock (/30) | M1: Status
A2: G1-S1 | B2: G1 | C2: Programme Head | J2: =IF(COUNT(D2:F2)=0,"",SUM(D2:F2)) | K2: =IF(COUNT(G2:I2)=0,"",SUM(G2:I2)) | L2: =IF(COUNT(D2:I2)=6,SUM(D2:I2),"") | M2: =IF(((D2>Criteria!$D$2)+(E2>Criteria!$D$3)+(F2>Criteria!$D$4)+(G2>Criteria!$D$5)+(H2>Criteria!$D$6)+(I2>Criteria!$D$7))>0,"check: a mark is above its maximum",IF(COUNT(D2:I2)=0,"not scored",IF(COUNT(D2:I2)<6,"incomplete","scored"))) -> not scored
A3: G1-S2 | B3: G1 | C3: Programme Head | J3: =IF(COUNT(D3:F3)=0,"",SUM(D3:F3)) | K3: =IF(COUNT(G3:I3)=0,"",SUM(G3:I3)) | L3: =IF(COUNT(D3:I3)=6,SUM(D3:I3),"") | M3: =IF(((D3>Criteria!$D$2)+(E3>Criteria!$D$3)+(F3>Criteria!$D$4)+(G3>Criteria!$D$5)+(H3>Criteria!$D$6)+(I3>Criteria!$D$7))>0,"check: a mark is above its maximum",IF(COUNT(D3:I3)=0,"not scored",IF(COUNT(D3:I3)<6,"incomplete","scored"))) -> not scored
A4: G1-S3 | B4: G1 | C4: Programme Head | J4: =IF(COUNT(D4:F4)=0,"",SUM(D4:F4)) | K4: =IF(COUNT(G4:I4)=0,"",SUM(G4:I4)) | L4: =IF(COUNT(D4:I4)=6,SUM(D4:I4),"") | M4: =IF(((D4>Criteria!$D$2)+(E4>Criteria!$D$3)+(F4>Criteria!$D$4)+(G4>Criteria!$D$5)+(H4>Criteria!$D$6)+(I4>Criteria!$D$7))>0,"check: a mark is above its maximum",IF(COUNT(D4:I4)=0,"not scored",IF(COUNT(D4:I4)<6,"incomplete","scored"))) -> not scored
A5: G1-S4 | B5: G1 | C5: Programme Head | J5: =IF(COUNT(D5:F5)=0,"",SUM(D5:F5)) | K5: =IF(COUNT(G5:I5)=0,"",SUM(G5:I5)) | L5: =IF(COUNT(D5:I5)=6,SUM(D5:I5),"") | M5: =IF(((D5>Criteria!$D$2)+(E5>Criteria!$D$3)+(F5>Criteria!$D$4)+(G5>Criteria!$D$5)+(H5>Criteria!$D$6)+(I5>Criteria!$D$7))>0,"check: a mark is above its maximum",IF(COUNT(D5:I5)=0,"not scored",IF(COUNT(D5:I5)<6,"incomplete","scored"))) -> not scored
A6: G2-S1 | B6: G2 | C6: Academic TA | J6: =IF(COUNT(D6:F6)=0,"",SUM(D6:F6)) | K6: =IF(COUNT(G6:I6)=0,"",SUM(G6:I6)) | L6: =IF(COUNT(D6:I6)=6,SUM(D6:I6),"") | M6: =IF(((D6>Criteria!$D$2)+(E6>Criteria!$D$3)+(F6>Criteria!$D$4)+(G6>Criteria!$D$5)+(H6>Criteria!$D$6)+(I6>Criteria!$D$7))>0,"check: a mark is above its maximum",IF(COUNT(D6:I6)=0,"not scored",IF(COUNT(D6:I6)<6,"incomplete","scored"))) -> not scored
A7: G2-S2 | B7: G2 | C7: Academic TA | J7: =IF(COUNT(D7:F7)=0,"",SUM(D7:F7)) | K7: =IF(COUNT(G7:I7)=0,"",SUM(G7:I7)) | L7: =IF(COUNT(D7:I7)=6,SUM(D7:I7),"") | M7: =IF(((D7>Criteria!$D$2)+(E7>Criteria!$D$3)+(F7>Criteria!$D$4)+(G7>Criteria!$D$5)+(H7>Criteria!$D$6)+(I7>Criteria!$D$7))>0,"check: a mark is above its maximum",IF(COUNT(D7:I7)=0,"not scored",IF(COUNT(D7:I7)<6,"incomplete","scored"))) -> not scored
A8: G2-S3 | B8: G2 | C8: Academic TA | J8: =IF(COUNT(D8:F8)=0,"",SUM(D8:F8)) | K8: =IF(COUNT(G8:I8)=0,"",SUM(G8:I8)) | L8: =IF(COUNT(D8:I8)=6,SUM(D8:I8),"") | M8: =IF(((D8>Criteria!$D$2)+(E8>Criteria!$D$3)+(F8>Criteria!$D$4)+(G8>Criteria!$D$5)+(H8>Criteria!$D$6)+(I8>Criteria!$D$7))>0,"check: a mark is above its maximum",IF(COUNT(D8:I8)=0,"not scored",IF(COUNT(D8:I8)<6,"incomplete","scored"))) -> not scored
A9: G2-S4 | B9: G2 | C9: Academic TA | J9: =IF(COUNT(D9:F9)=0,"",SUM(D9:F9)) | K9: =IF(COUNT(G9:I9)=0,"",SUM(G9:I9)) | L9: =IF(COUNT(D9:I9)=6,SUM(D9:I9),"") | M9: =IF(((D9>Criteria!$D$2)+(E9>Criteria!$D$3)+(F9>Criteria!$D$4)+(G9>Criteria!$D$5)+(H9>Criteria!$D$6)+(I9>Criteria!$D$7))>0,"check: a mark is above its maximum",IF(COUNT(D9:I9)=0,"not scored",IF(COUNT(D9:I9)<6,"incomplete","scored"))) -> not scored
A10: G3-S1 | B10: G3 | C10: Principal Advisor | J10: =IF(COUNT(D10:F10)=0,"",SUM(D10:F10)) | K10: =IF(COUNT(G10:I10)=0,"",SUM(G10:I10)) | L10: =IF(COUNT(D10:I10)=6,SUM(D10:I10),"") | M10: =IF(((D10>Criteria!$D$2)+(E10>Criteria!$D$3)+(F10>Criteria!$D$4)+(G10>Criteria!$D$5)+(H10>Criteria!$D$6)+(I10>Criteria!$D$7))>0,"check: a mark is above its maximum",IF(COUNT(D10:I10)=0,"not scored",IF(COUNT(D10:I10)<6,"incomplete","scored"))) -> not scored
A11: G3-S2 | B11: G3 | C11: Principal Advisor | J11: =IF(COUNT(D11:F11)=0,"",SUM(D11:F11)) | K11: =IF(COUNT(G11:I11)=0,"",SUM(G11:I11)) | L11: =IF(COUNT(D11:I11)=6,SUM(D11:I11),"") | M11: =IF(((D11>Criteria!$D$2)+(E11>Criteria!$D$3)+(F11>Criteria!$D$4)+(G11>Criteria!$D$5)+(H11>Criteria!$D$6)+(I11>Criteria!$D$7))>0,"check: a mark is above its maximum",IF(COUNT(D11:I11)=0,"not scored",IF(COUNT(D11:I11)<6,"incomplete","scored"))) -> not scored
A12: G3-S3 | B12: G3 | C12: Principal Advisor | J12: =IF(COUNT(D12:F12)=0,"",SUM(D12:F12)) | K12: =IF(COUNT(G12:I12)=0,"",SUM(G12:I12)) | L12: =IF(COUNT(D12:I12)=6,SUM(D12:I12),"") | M12: =IF(((D12>Criteria!$D$2)+(E12>Criteria!$D$3)+(F12>Criteria!$D$4)+(G12>Criteria!$D$5)+(H12>Criteria!$D$6)+(I12>Criteria!$D$7))>0,"check: a mark is above its maximum",IF(COUNT(D12:I12)=0,"not scored",IF(COUNT(D12:I12)<6,"incomplete","scored"))) -> not scored
A13: G3-S4 | B13: G3 | C13: Principal Advisor | J13: =IF(COUNT(D13:F13)=0,"",SUM(D13:F13)) | K13: =IF(COUNT(G13:I13)=0,"",SUM(G13:I13)) | L13: =IF(COUNT(D13:I13)=6,SUM(D13:I13),"") | M13: =IF(((D13>Criteria!$D$2)+(E13>Criteria!$D$3)+(F13>Criteria!$D$4)+(G13>Criteria!$D$5)+(H13>Criteria!$D$6)+(I13>Criteria!$D$7))>0,"check: a mark is above its maximum",IF(COUNT(D13:I13)=0,"not scored",IF(COUNT(D13:I13)<6,"incomplete","scored"))) -> not scored
... A36: G9-S3 | B36: G9 | C36: Principal Advisor | J36: =IF(COUNT(D36:F36)=0,"",SUM(D36:F36)) | K36: =IF(COUNT(G36:I36)=0,"",SUM(G36:I36)) | L36: =IF(COUNT(D36:I36)=6,SUM(D36:I36),"") | M36: =IF(((D36>Criteria!$D$2)+(E36>Criteria!$D$3)+(F36>Criteria!$D$4)+(G36>Criteria!$D$5)+(H36>Criteria!$D$6)+(I36>Criteria!$D$7))>0,"check: a mark is above its maximum",IF(COUNT(D36:I36)=0,"not scored",IF(COUNT(D36:I36)<6,"incomplete","scored"))) -> not scored

Sheet Assessors
A1: Assessor | B1: Learners | C1: Scored | D1: Average technical (/15) | E1: Average viva (/15) | F1: Average mock (/30)
A2: Programme Head | B2: =COUNTIF(Scores!C2:C36,A2) -> 12 | C2: =COUNTIFS(Scores!C2:C36,A2,Scores!M2:M36,"scored") -> 0 | D2: =IF(C2=0,"",ROUND(AVERAGEIFS(Scores!J2:J36,Scores!C2:C36,A2,Scores!M2:M36,"scored"),1)) | E2: =IF(C2=0,"",ROUND(AVERAGEIFS(Scores!K2:K36,Scores!C2:C36,A2,Scores!M2:M36,"scored"),1)) | F2: =IF(C2=0,"",ROUND(AVERAGEIFS(Scores!L2:L36,Scores!C2:C36,A2,Scores!M2:M36,"scored"),1))
A3: Academic TA | B3: =COUNTIF(Scores!C2:C36,A3) -> 12 | C3: =COUNTIFS(Scores!C2:C36,A3,Scores!M2:M36,"scored") -> 0 | D3: =IF(C3=0,"",ROUND(AVERAGEIFS(Scores!J2:J36,Scores!C2:C36,A3,Scores!M2:M36,"scored"),1)) | E3: =IF(C3=0,"",ROUND(AVERAGEIFS(Scores!K2:K36,Scores!C2:C36,A3,Scores!M2:M36,"scored"),1)) | F3: =IF(C3=0,"",ROUND(AVERAGEIFS(Scores!L2:L36,Scores!C2:C36,A3,Scores!M2:M36,"scored"),1))
A4: Principal Advisor | B4: =COUNTIF(Scores!C2:C36,A4) -> 11 | C4: =COUNTIFS(Scores!C2:C36,A4,Scores!M2:M36,"scored") -> 0 | D4: =IF(C4=0,"",ROUND(AVERAGEIFS(Scores!J2:J36,Scores!C2:C36,A4,Scores!M2:M36,"scored"),1)) | E4: =IF(C4=0,"",ROUND(AVERAGEIFS(Scores!K2:K36,Scores!C2:C36,A4,Scores!M2:M36,"scored"),1)) | F4: =IF(C4=0,"",ROUND(AVERAGEIFS(Scores!L2:L36,Scores!C2:C36,A4,Scores!M2:M36,"scored"),1))
A6: Learners scored | B6: =COUNTIF(Scores!M2:M36,"scored")&" of "&COUNTA(Scores!A2:A36)&" scored" -> 0 of 35 scored
A7: Rows to fix | B7: =COUNTIF(Scores!M2:M36,"check*") -> 0
A8: Largest gap between assessors, technical | B8: =IF(COUNT(D2:D4)<2,"",MAX(D2:D4)-MIN(D2:D4))
A9: Largest gap between assessors, viva | B9: =IF(COUNT(E2:E4)<2,"",MAX(E2:E4)-MIN(E2:E4))
A10: Calibration | B10: =IF(COUNT(D2:E4)<4,"too few scores to compare",IF(MAX(B8:B9)>2,"discuss at the close: a gap above two marks","within two marks")) -> too few scores to compare

Sheet Groups
A1: Group | B1: Members | C1: Scored | D1: Average mock (/30)
A2: G1 | B2: =COUNTIF(Scores!B2:B36,A2) -> 4 | C2: =COUNTIFS(Scores!B2:B36,A2,Scores!M2:M36,"scored") -> 0 | D2: =IF(C2=0,"",ROUND(AVERAGEIFS(Scores!L2:L36,Scores!B2:B36,A2,Scores!M2:M36,"scored"),1))
A3: G2 | B3: =COUNTIF(Scores!B2:B36,A3) -> 4 | C3: =COUNTIFS(Scores!B2:B36,A3,Scores!M2:M36,"scored") -> 0 | D3: =IF(C3=0,"",ROUND(AVERAGEIFS(Scores!L2:L36,Scores!B2:B36,A3,Scores!M2:M36,"scored"),1))
A4: G3 | B4: =COUNTIF(Scores!B2:B36,A4) -> 4 | C4: =COUNTIFS(Scores!B2:B36,A4,Scores!M2:M36,"scored") -> 0 | D4: =IF(C4=0,"",ROUND(AVERAGEIFS(Scores!L2:L36,Scores!B2:B36,A4,Scores!M2:M36,"scored"),1))
A5: G4 | B5: =COUNTIF(Scores!B2:B36,A5) -> 4 | C5: =COUNTIFS(Scores!B2:B36,A5,Scores!M2:M36,"scored") -> 0 | D5: =IF(C5=0,"",ROUND(AVERAGEIFS(Scores!L2:L36,Scores!B2:B36,A5,Scores!M2:M36,"scored"),1))
A6: G5 | B6: =COUNTIF(Scores!B2:B36,A6) -> 4 | C6: =COUNTIFS(Scores!B2:B36,A6,Scores!M2:M36,"scored") -> 0 | D6: =IF(C6=0,"",ROUND(AVERAGEIFS(Scores!L2:L36,Scores!B2:B36,A6,Scores!M2:M36,"scored"),1))
A7: G6 | B7: =COUNTIF(Scores!B2:B36,A7) -> 4 | C7: =COUNTIFS(Scores!B2:B36,A7,Scores!M2:M36,"scored") -> 0 | D7: =IF(C7=0,"",ROUND(AVERAGEIFS(Scores!L2:L36,Scores!B2:B36,A7,Scores!M2:M36,"scored"),1))
A8: G7 | B8: =COUNTIF(Scores!B2:B36,A8) -> 4 | C8: =COUNTIFS(Scores!B2:B36,A8,Scores!M2:M36,"scored") -> 0 | D8: =IF(C8=0,"",ROUND(AVERAGEIFS(Scores!L2:L36,Scores!B2:B36,A8,Scores!M2:M36,"scored"),1))
A9: G8 | B9: =COUNTIF(Scores!B2:B36,A9) -> 4 | C9: =COUNTIFS(Scores!B2:B36,A9,Scores!M2:M36,"scored") -> 0 | D9: =IF(C9=0,"",ROUND(AVERAGEIFS(Scores!L2:L36,Scores!B2:B36,A9,Scores!M2:M36,"scored"),1))
A10: G9 | B10: =COUNTIF(Scores!B2:B36,A10) -> 3 | C10: =COUNTIFS(Scores!B2:B36,A10,Scores!M2:M36,"scored") -> 0 | D10: =IF(C10=0,"",ROUND(AVERAGEIFS(Scores!L2:L36,Scores!B2:B36,A10,Scores!M2:M36,"scored"),1))

Sheet Example
A1: Seat | B1: Group | C1: Assessor | D1: C1 Correctness (/8) | E1: C2 Reasoning aloud with numbers (/4) | F1: C3 Handling a follow-up (/3) | G1: C4 The translation, with one decision defended by evidence (/6) | H1: C5 Defending a caveat under challenge (/6) | I1: C6 What they would do differently (/3) | J1: Technical (/15) | K1: Viva (/15) | L1: Mock (/30) | M1: Status
A2: G1-S1 | B2: G1 | C2: Programme Head | D2: 6 | E2: 3 | F2: 2 | G2: 5 | H2: 4 | I2: 2 | J2: =IF(COUNT(D2:F2)=0,"",SUM(D2:F2)) -> 11 | K2: =IF(COUNT(G2:I2)=0,"",SUM(G2:I2)) -> 11 | L2: =IF(COUNT(D2:I2)=6,SUM(D2:I2),"") -> 22 | M2: =IF(((D2>Criteria!$D$2)+(E2>Criteria!$D$3)+(F2>Criteria!$D$4)+(G2>Criteria!$D$5)+(H2>Criteria!$D$6)+(I2>Criteria!$D$7))>0,"check: a mark is above its maximum",IF(COUNT(D2:I2)=0,"not scored",IF(COUNT(D2:I2)<6,"incomplete","scored"))) -> scored
A4: A worked row for the format only. It feeds no total on any other sheet.
