Workbook

Sheet How to use
A1: How to use this log
A3: 1. One row on the Log sheet for every decision that changes, removes or keeps a row on purpose.
A4: 2. File and kind are drop-down lists; the kind tells the Reconcile sheet which rows left.
A5: 3. Rows is the number of rows the decision applies to, counted, never estimated.
A6: 4. On the Reconcile sheet, type the rows in your clean output for each file you use.
A7: 5. A file that does not reconcile means a row went somewhere the log does not say. Find it before anyone acts on a number built from that file.
A8: 6. Your notebook or SQL must reproduce every count in this log from the raw files.

Sheet Log
A1: Decisions log
A2: The Week 1 Wednesday shape, one row per decision, plus the file and the kind of decision so the Reconcile sheet can count rows out.
A4: # | B4: Day | C4: File | D4: Field | E4: Issue | F4: Rows | G4: Decision | H4: Kind | I4: Reason
A5: =IF(D5="","",ROW()-4)
A6: =IF(D6="","",ROW()-4)
A7: =IF(D7="","",ROW()-4)
A8: =IF(D8="","",ROW()-4)
A9: =IF(D9="","",ROW()-4)
A10: =IF(D10="","",ROW()-4)
A11: =IF(D11="","",ROW()-4)
A12: =IF(D12="","",ROW()-4)
A13: =IF(D13="","",ROW()-4)
A14: =IF(D14="","",ROW()-4)
A15: =IF(D15="","",ROW()-4)
A16: =IF(D16="","",ROW()-4)
... A64: =IF(D64="","",ROW()-4)

Sheet Reconcile
A1: Input equals clean plus removed, file by file
A2: Rows in are counted from the files. Type the rows in your clean output; the rest is computed from the Log sheet.
A4: File | B4: Rows in | C4: Rows removed (from the log) | D4: Rows in your clean output | E4: Clean plus removed | F4: Where it stands
A5: patients | B5: 6700 | C5: =SUMIFS(Log!$F$5:$F$64,Log!$C$5:$C$64,A5,Log!$H$5:$H$64,"removes rows") | E5: =IF(D5="","",D5+C5) | F5: =IF(D5="","not counted yet",IF(E5=B5,"reconciles",IF(E5<B5,"short by "&(B5-E5)&" rows: find where they went","over by "&(E5-B5)&" rows: a row was counted twice")))
A6: clinics | B6: 18 | C6: =SUMIFS(Log!$F$5:$F$64,Log!$C$5:$C$64,A6,Log!$H$5:$H$64,"removes rows") | E6: =IF(D6="","",D6+C6) | F6: =IF(D6="","not counted yet",IF(E6=B6,"reconciles",IF(E6<B6,"short by "&(B6-E6)&" rows: find where they went","over by "&(E6-B6)&" rows: a row was counted twice")))
A7: test_catalogue | B7: 16 | C7: =SUMIFS(Log!$F$5:$F$64,Log!$C$5:$C$64,A7,Log!$H$5:$H$64,"removes rows") | E7: =IF(D7="","",D7+C7) | F7: =IF(D7="","not counted yet",IF(E7=B7,"reconciles",IF(E7<B7,"short by "&(B7-E7)&" rows: find where they went","over by "&(E7-B7)&" rows: a row was counted twice")))
A8: bookings_legacy | B8: 11729 | C8: =SUMIFS(Log!$F$5:$F$64,Log!$C$5:$C$64,A8,Log!$H$5:$H$64,"removes rows") | E8: =IF(D8="","",D8+C8) | F8: =IF(D8="","not counted yet",IF(E8=B8,"reconciles",IF(E8<B8,"short by "&(B8-E8)&" rows: find where they went","over by "&(E8-B8)&" rows: a row was counted twice")))
A9: bookings_newsys | B9: 153 | C9: =SUMIFS(Log!$F$5:$F$64,Log!$C$5:$C$64,A9,Log!$H$5:$H$64,"removes rows") | E9: =IF(D9="","",D9+C9) | F9: =IF(D9="","not counted yet",IF(E9=B9,"reconciles",IF(E9<B9,"short by "&(B9-E9)&" rows: find where they went","over by "&(E9-B9)&" rows: a row was counted twice")))
A10: booking_tests | B10: 51456 | C10: =SUMIFS(Log!$F$5:$F$64,Log!$C$5:$C$64,A10,Log!$H$5:$H$64,"removes rows") | E10: =IF(D10="","",D10+C10) | F10: =IF(D10="","not counted yet",IF(E10=B10,"reconciles",IF(E10<B10,"short by "&(B10-E10)&" rows: find where they went","over by "&(E10-B10)&" rows: a row was counted twice")))
A11: invoices | B11: 11356 | C11: =SUMIFS(Log!$F$5:$F$64,Log!$C$5:$C$64,A11,Log!$H$5:$H$64,"removes rows") | E11: =IF(D11="","",D11+C11) | F11: =IF(D11="","not counted yet",IF(E11=B11,"reconciles",IF(E11<B11,"short by "&(B11-E11)&" rows: find where they went","over by "&(E11-B11)&" rows: a row was counted twice")))
A12: payments | B12: 11289 | C12: =SUMIFS(Log!$F$5:$F$64,Log!$C$5:$C$64,A12,Log!$H$5:$H$64,"removes rows") | E12: =IF(D12="","",D12+C12) | F12: =IF(D12="","not counted yet",IF(E12=B12,"reconciles",IF(E12<B12,"short by "&(B12-E12)&" rows: find where they went","over by "&(E12-B12)&" rows: a row was counted twice")))
A13: appointments | B13: 7133 | C13: =SUMIFS(Log!$F$5:$F$64,Log!$C$5:$C$64,A13,Log!$H$5:$H$64,"removes rows") | E13: =IF(D13="","",D13+C13) | F13: =IF(D13="","not counted yet",IF(E13=B13,"reconciles",IF(E13<B13,"short by "&(B13-E13)&" rows: find where they went","over by "&(E13-B13)&" rows: a row was counted twice")))
A14: campaign | B14: 2381 | C14: =SUMIFS(Log!$F$5:$F$64,Log!$C$5:$C$64,A14,Log!$H$5:$H$64,"removes rows") | E14: =IF(D14="","",D14+C14) | F14: =IF(D14="","not counted yet",IF(E14=B14,"reconciles",IF(E14<B14,"short by "&(B14-E14)&" rows: find where they went","over by "&(E14-B14)&" rows: a row was counted twice")))
A16: Files counted | B16: =COUNTIF(F5:F14,"<>not counted yet")
A17: Files that reconcile | B17: =COUNTIF(F5:F14,"reconciles")
A18: Where the group stands | B18: =IF(B16=0,"No file counted yet: profile before you touch",IF(B17=B16,B17&" of "&B16&" counted files reconcile",(B16-B17)&" counted files do not reconcile: stop and find the rows"))

Sheet Example
A1: Rows from the Week 1 Wednesday log, in Kalpa Retail
A2: The shape you already know. Your rows are about Kalpa Health's files.
A4: Field | B4: Issue | C4: Rows | D4: Decision | E4: Reason
A5: order_id | B5: Repeated | C5: 15 | D5: Keep one row per order: the first copy, or the copy that validates where one copy's amount will not convert | E5: 201 rows for 186 orders, and 14 of the 15 extra rows sit in Q1, the migration's quarter
A6: amount | B6: Will not convert, on one copy of a repeated order | C6: 1 | D6: Set aside with the duplicates; its twin, whose amount converts, stays | E6: Keeping the first copy would keep the one that cannot be summed, and Q1 would sit Rs 1,790 short of the books
A7: status | B7: Empty | C7: 1 | D7: Keep and flag | E7: It happened and its fate is unknown: dropping it would remove a booked order from Q2, and a default would invent a delivery or a cancellation
A8: amount | B8: Largest Q2 order, 1.66 times the next | C8: 1 | D8: Keep and flag, shown both ways | E8: Large is not wrong: a Business-segment account with orders in both quarters, every field valid
A11: A reason that restates the issue is not a reason. The kept row is the one an auditor asks about, so it goes in the log too.
