Workbook

Sheet How to use
A1: How to use this log
A3: 1. Fill the yellow cells on the Log sheet. The grey cells are formulas; leave them.
A4: 2. One row per challenge, written when it happens rather than at the end of the day.
A5: 3. Day, sub-problem and status are drop-down lists.
A6: 4. Status stays open until the group has decided what to do; then set resolved and the date.
A7: 5. Summary counts the log for you and says what to take to the next checkpoint.
A8: 6. A challenge that needed a cleaning or matching decision also goes in the decisions log.

Sheet Log
A1: Challenges log
A2: One row every time the group is stuck. Fill the yellow cells; the grey columns and the Summary sheet compute themselves.
A4: # | B4: Day | C4: Opened (date) | D4: Sub-problem | E4: What stopped us | F4: Where it showed (file, column or step) | G4: What we tried | H4: What we decided, and why | I4: Status | J4: Resolved (date) | K4: Minutes lost | L4: Days open
A5: =IF(E5="","",ROW()-4) | L5: =IF(OR(C5="",J5=""),"",J5-C5)
A6: =IF(E6="","",ROW()-4) | L6: =IF(OR(C6="",J6=""),"",J6-C6)
A7: =IF(E7="","",ROW()-4) | L7: =IF(OR(C7="",J7=""),"",J7-C7)
A8: =IF(E8="","",ROW()-4) | L8: =IF(OR(C8="",J8=""),"",J8-C8)
A9: =IF(E9="","",ROW()-4) | L9: =IF(OR(C9="",J9=""),"",J9-C9)
A10: =IF(E10="","",ROW()-4) | L10: =IF(OR(C10="",J10=""),"",J10-C10)
A11: =IF(E11="","",ROW()-4) | L11: =IF(OR(C11="",J11=""),"",J11-C11)
A12: =IF(E12="","",ROW()-4) | L12: =IF(OR(C12="",J12=""),"",J12-C12)
A13: =IF(E13="","",ROW()-4) | L13: =IF(OR(C13="",J13=""),"",J13-C13)
A14: =IF(E14="","",ROW()-4) | L14: =IF(OR(C14="",J14=""),"",J14-C14)
A15: =IF(E15="","",ROW()-4) | L15: =IF(OR(C15="",J15=""),"",J15-C15)
A16: =IF(E16="","",ROW()-4) | L16: =IF(OR(C16="",J16=""),"",J16-C16)
... A64: =IF(E64="","",ROW()-4) | L64: =IF(OR(C64="",J64=""),"",J64-C64)

Sheet Summary
A1: Where the group stands
A2: Every value on this sheet is a formula over the Log sheet.
A4: Entries logged | B4: =COUNTA(Log!E5:E64) -> 0
A5: Open | B5: =COUNTIFS(Log!E5:E64,"<>",Log!I5:I64,"open") -> 0
A6: Resolved | B6: =COUNTIFS(Log!E5:E64,"<>",Log!I5:I64,"resolved") -> 0
A7: No status yet | B7: =B4-B5-B6 -> 0
A8: Minutes lost, all entries | B8: =SUM(Log!K5:K64) -> 0
A9: Longest a resolved challenge stayed open (days) | B9: =IF(B6=0,0,MAX(Log!L5:L64)) -> 0
A11: Where the log stands | B11: =IF(B4=0,"No entries yet: write entry one before the close",IF(B7>0,B7&" entries have no status: mark each open or resolved",IF(B5=0,"All "&B4&" resolved: the log is ready for the viva",B5&" open of "&B4&": take the oldest open one to the checkpoint"))) -> No entries yet: write entry one before the close

Sheet Example
A1: Entry one, as another group might write it
A2: Copy the shape, not the words. Your entry one is about your own first stop.
A4: # | B4: Day | C4: Opened (date) | D4: Sub-problem | E4: What stopped us | F4: Where it showed (file, column or step) | G4: What we tried | H4: What we decided, and why | I4: Status | J4: Resolved (date) | K4: Minutes lost | L4: Days open
A5: 1 | B5: Monday | C5: 19 Oct 2026 | D5: (yours) | E5: Nobody in the group had worked in diagnostics, so we could not say what 'home collection' means in the files or who pays for it. | F5: Brief, data dictionary: bookings_legacy.channel | G5: Read the data dictionary and the brief; asked the trainer what a phlebotomist does, which is a domain question and allowed. | H5: Wrote a one-line definition into our vocabulary map and agreed that a home-collection booking is still one booking, counted once. | I5: resolved | J5: 19 Oct 2026 | K5: 20 | L5: 0
A7: A good entry is dated, names where the problem showed, and records the decision with its reason. The viva on Thursday reads this log, and a thin log is where a prepared answer breaks.
