Workbook

Sheet Read me
A1: Build 1 grade closure: Week 3, Kalpa Health
A2: TRAINER ONLY. The committed file is the empty template; a filled copy holds learners' scores and is never committed.
A4: What it closes | B4: Three scores per learner: the GD score out of 30, the mini project score out of 40 including the presentation, and the Mock R1 score out of 30. The marks per event are locked (data/programme/facts.yaml). Each total is copied from its scoring sheet, which carries the criteria the requester approved on 29 September 2026: the GD from content/W03/D5/rubrics/C2_W03_D05_gd_scoring_sheet_TRAINER.xlsx, the mini project from C2_W03_SAT_mini_project_scoring_TRAINER.xlsx beside this file, and the mock from content/W03/D4/rubrics/C2_W03_D04_mock_scoring_sheet_TRAINER.xlsx.
A5: Where to type | B5: Only the yellow cells on the Scores sheet (columns C to G and J) and the Signed column on the Sign-off sheet. Every other cell is a formula.
A6: Entered once | B6: Each score is typed once, by the scribe named on the run sheet, from the assessor's signed sheet. A correction replaces the one cell; it is never typed in a second place.
A7: Seats, never names | B7: Seats are labelled by group and seat (G1-S1). The Programme Head keeps the seat-to-learner key outside this repository. Eight groups hold four seats and G9 holds three, as the handover's 35 learners in nine groups give; relabel the seat column if Monday's allocation put the group of three elsewhere.
A8: Status, per seat | B8: COMPLETE when all three scores are in and within their maximums. MISSING names the scores still to enter. OVER MAX means a score above its event's maximum. NOT A SCORE means text or a negative number in a score cell.
A9: The verdict | B9: The Checks sheet reads READY TO SIGN only when every seat is COMPLETE, no seat repeats, and no flag remains. The Sign-off sheet reads CLOSED only after that, with every role signed.
A10: An absence | B10: A learner who missed an event keeps the cell empty and carries the Programme Head's decision in Notes. No make-up rule is published, so this workbook sets none.
A11: Example, format only | B11: Seat G1-S1, group G1, sub-problem 2 bookings, panel the industry expert, GD 21, mini project 29.5, mock 22: total 72.5, status COMPLETE. This example is not on the Scores sheet.

Sheet Scores
A1: Scores: one row per learner seat
A2: Type only in the yellow cells. Row 4 holds each event's maximum, which every check reads.
A4: Maximum | E4: 30 | F4: 40 | G4: 30 | H4: =E4+F4+G4 -> 100
A5: Seat | B5: Group | C5: Sub-problem | D5: Panel | E5: GD (of 30) | F5: Mini project (of 40) | G5: Mock (of 30) | H5: Total (of 100) | I5: Status | J5: Notes
A6: G1-S1 | B6: G1 | H6: =IF(I6="COMPLETE",E6+F6+G6,"") | I6: =IF(OR(AND(E6<>"",NOT(ISNUMBER(E6))),AND(F6<>"",NOT(ISNUMBER(F6))),AND(G6<>"",NOT(ISNUMBER(G6))),AND(ISNUMBER(E6),E6<0),AND(ISNUMBER(F6),F6<0),AND(ISNUMBER(G6),G6<0)),"NOT A SCORE",IF(OR(AND(ISNUMBER(E6),E6>$E$4),AND(ISNUMBER(F6),F6>$F$4),AND(ISNUMBER(G6),G6>$G$4)),"OVER MAX",IF(COUNT(E6:G6)<3,"MISSING "&TRIM(IF(E6="","GD ","")&IF(F6="","mini project ","")&IF(G6="","mock","")),"COMPLETE"))) -> MISSING GD mini project mock
A7: G1-S2 | B7: G1 | H7: =IF(I7="COMPLETE",E7+F7+G7,"") | I7: =IF(OR(AND(E7<>"",NOT(ISNUMBER(E7))),AND(F7<>"",NOT(ISNUMBER(F7))),AND(G7<>"",NOT(ISNUMBER(G7))),AND(ISNUMBER(E7),E7<0),AND(ISNUMBER(F7),F7<0),AND(ISNUMBER(G7),G7<0)),"NOT A SCORE",IF(OR(AND(ISNUMBER(E7),E7>$E$4),AND(ISNUMBER(F7),F7>$F$4),AND(ISNUMBER(G7),G7>$G$4)),"OVER MAX",IF(COUNT(E7:G7)<3,"MISSING "&TRIM(IF(E7="","GD ","")&IF(F7="","mini project ","")&IF(G7="","mock","")),"COMPLETE"))) -> MISSING GD mini project mock
A8: G1-S3 | B8: G1 | H8: =IF(I8="COMPLETE",E8+F8+G8,"") | I8: =IF(OR(AND(E8<>"",NOT(ISNUMBER(E8))),AND(F8<>"",NOT(ISNUMBER(F8))),AND(G8<>"",NOT(ISNUMBER(G8))),AND(ISNUMBER(E8),E8<0),AND(ISNUMBER(F8),F8<0),AND(ISNUMBER(G8),G8<0)),"NOT A SCORE",IF(OR(AND(ISNUMBER(E8),E8>$E$4),AND(ISNUMBER(F8),F8>$F$4),AND(ISNUMBER(G8),G8>$G$4)),"OVER MAX",IF(COUNT(E8:G8)<3,"MISSING "&TRIM(IF(E8="","GD ","")&IF(F8="","mini project ","")&IF(G8="","mock","")),"COMPLETE"))) -> MISSING GD mini project mock
A9: G1-S4 | B9: G1 | H9: =IF(I9="COMPLETE",E9+F9+G9,"") | I9: =IF(OR(AND(E9<>"",NOT(ISNUMBER(E9))),AND(F9<>"",NOT(ISNUMBER(F9))),AND(G9<>"",NOT(ISNUMBER(G9))),AND(ISNUMBER(E9),E9<0),AND(ISNUMBER(F9),F9<0),AND(ISNUMBER(G9),G9<0)),"NOT A SCORE",IF(OR(AND(ISNUMBER(E9),E9>$E$4),AND(ISNUMBER(F9),F9>$F$4),AND(ISNUMBER(G9),G9>$G$4)),"OVER MAX",IF(COUNT(E9:G9)<3,"MISSING "&TRIM(IF(E9="","GD ","")&IF(F9="","mini project ","")&IF(G9="","mock","")),"COMPLETE"))) -> MISSING GD mini project mock
A10: G2-S1 | B10: G2 | H10: =IF(I10="COMPLETE",E10+F10+G10,"") | I10: =IF(OR(AND(E10<>"",NOT(ISNUMBER(E10))),AND(F10<>"",NOT(ISNUMBER(F10))),AND(G10<>"",NOT(ISNUMBER(G10))),AND(ISNUMBER(E10),E10<0),AND(ISNUMBER(F10),F10<0),AND(ISNUMBER(G10),G10<0)),"NOT A SCORE",IF(OR(AND(ISNUMBER(E10),E10>$E$4),AND(ISNUMBER(F10),F10>$F$4),AND(ISNUMBER(G10),G10>$G$4)),"OVER MAX",IF(COUNT(E10:G10)<3,"MISSING "&TRIM(IF(E10="","GD ","")&IF(F10="","mini project ","")&IF(G10="","mock","")),"COMPLETE"))) -> MISSING GD mini project mock
A11: G2-S2 | B11: G2 | H11: =IF(I11="COMPLETE",E11+F11+G11,"") | I11: =IF(OR(AND(E11<>"",NOT(ISNUMBER(E11))),AND(F11<>"",NOT(ISNUMBER(F11))),AND(G11<>"",NOT(ISNUMBER(G11))),AND(ISNUMBER(E11),E11<0),AND(ISNUMBER(F11),F11<0),AND(ISNUMBER(G11),G11<0)),"NOT A SCORE",IF(OR(AND(ISNUMBER(E11),E11>$E$4),AND(ISNUMBER(F11),F11>$F$4),AND(ISNUMBER(G11),G11>$G$4)),"OVER MAX",IF(COUNT(E11:G11)<3,"MISSING "&TRIM(IF(E11="","GD ","")&IF(F11="","mini project ","")&IF(G11="","mock","")),"COMPLETE"))) -> MISSING GD mini project mock
A12: G2-S3 | B12: G2 | H12: =IF(I12="COMPLETE",E12+F12+G12,"") | I12: =IF(OR(AND(E12<>"",NOT(ISNUMBER(E12))),AND(F12<>"",NOT(ISNUMBER(F12))),AND(G12<>"",NOT(ISNUMBER(G12))),AND(ISNUMBER(E12),E12<0),AND(ISNUMBER(F12),F12<0),AND(ISNUMBER(G12),G12<0)),"NOT A SCORE",IF(OR(AND(ISNUMBER(E12),E12>$E$4),AND(ISNUMBER(F12),F12>$F$4),AND(ISNUMBER(G12),G12>$G$4)),"OVER MAX",IF(COUNT(E12:G12)<3,"MISSING "&TRIM(IF(E12="","GD ","")&IF(F12="","mini project ","")&IF(G12="","mock","")),"COMPLETE"))) -> MISSING GD mini project mock
A13: G2-S4 | B13: G2 | H13: =IF(I13="COMPLETE",E13+F13+G13,"") | I13: =IF(OR(AND(E13<>"",NOT(ISNUMBER(E13))),AND(F13<>"",NOT(ISNUMBER(F13))),AND(G13<>"",NOT(ISNUMBER(G13))),AND(ISNUMBER(E13),E13<0),AND(ISNUMBER(F13),F13<0),AND(ISNUMBER(G13),G13<0)),"NOT A SCORE",IF(OR(AND(ISNUMBER(E13),E13>$E$4),AND(ISNUMBER(F13),F13>$F$4),AND(ISNUMBER(G13),G13>$G$4)),"OVER MAX",IF(COUNT(E13:G13)<3,"MISSING "&TRIM(IF(E13="","GD ","")&IF(F13="","mini project ","")&IF(G13="","mock","")),"COMPLETE"))) -> MISSING GD mini project mock
A14: G3-S1 | B14: G3 | H14: =IF(I14="COMPLETE",E14+F14+G14,"") | I14: =IF(OR(AND(E14<>"",NOT(ISNUMBER(E14))),AND(F14<>"",NOT(ISNUMBER(F14))),AND(G14<>"",NOT(ISNUMBER(G14))),AND(ISNUMBER(E14),E14<0),AND(ISNUMBER(F14),F14<0),AND(ISNUMBER(G14),G14<0)),"NOT A SCORE",IF(OR(AND(ISNUMBER(E14),E14>$E$4),AND(ISNUMBER(F14),F14>$F$4),AND(ISNUMBER(G14),G14>$G$4)),"OVER MAX",IF(COUNT(E14:G14)<3,"MISSING "&TRIM(IF(E14="","GD ","")&IF(F14="","mini project ","")&IF(G14="","mock","")),"COMPLETE"))) -> MISSING GD mini project mock
A15: G3-S2 | B15: G3 | H15: =IF(I15="COMPLETE",E15+F15+G15,"") | I15: =IF(OR(AND(E15<>"",NOT(ISNUMBER(E15))),AND(F15<>"",NOT(ISNUMBER(F15))),AND(G15<>"",NOT(ISNUMBER(G15))),AND(ISNUMBER(E15),E15<0),AND(ISNUMBER(F15),F15<0),AND(ISNUMBER(G15),G15<0)),"NOT A SCORE",IF(OR(AND(ISNUMBER(E15),E15>$E$4),AND(ISNUMBER(F15),F15>$F$4),AND(ISNUMBER(G15),G15>$G$4)),"OVER MAX",IF(COUNT(E15:G15)<3,"MISSING "&TRIM(IF(E15="","GD ","")&IF(F15="","mini project ","")&IF(G15="","mock","")),"COMPLETE"))) -> MISSING GD mini project mock
A16: G3-S3 | B16: G3 | H16: =IF(I16="COMPLETE",E16+F16+G16,"") | I16: =IF(OR(AND(E16<>"",NOT(ISNUMBER(E16))),AND(F16<>"",NOT(ISNUMBER(F16))),AND(G16<>"",NOT(ISNUMBER(G16))),AND(ISNUMBER(E16),E16<0),AND(ISNUMBER(F16),F16<0),AND(ISNUMBER(G16),G16<0)),"NOT A SCORE",IF(OR(AND(ISNUMBER(E16),E16>$E$4),AND(ISNUMBER(F16),F16>$F$4),AND(ISNUMBER(G16),G16>$G$4)),"OVER MAX",IF(COUNT(E16:G16)<3,"MISSING "&TRIM(IF(E16="","GD ","")&IF(F16="","mini project ","")&IF(G16="","mock","")),"COMPLETE"))) -> MISSING GD mini project mock
A17: G3-S4 | B17: G3 | H17: =IF(I17="COMPLETE",E17+F17+G17,"") | I17: =IF(OR(AND(E17<>"",NOT(ISNUMBER(E17))),AND(F17<>"",NOT(ISNUMBER(F17))),AND(G17<>"",NOT(ISNUMBER(G17))),AND(ISNUMBER(E17),E17<0),AND(ISNUMBER(F17),F17<0),AND(ISNUMBER(G17),G17<0)),"NOT A SCORE",IF(OR(AND(ISNUMBER(E17),E17>$E$4),AND(ISNUMBER(F17),F17>$F$4),AND(ISNUMBER(G17),G17>$G$4)),"OVER MAX",IF(COUNT(E17:G17)<3,"MISSING "&TRIM(IF(E17="","GD ","")&IF(F17="","mini project ","")&IF(G17="","mock","")),"COMPLETE"))) -> MISSING GD mini project mock
... A40: G9-S3 | B40: G9 | H40: =IF(I40="COMPLETE",E40+F40+G40,"") | I40: =IF(OR(AND(E40<>"",NOT(ISNUMBER(E40))),AND(F40<>"",NOT(ISNUMBER(F40))),AND(G40<>"",NOT(ISNUMBER(G40))),AND(ISNUMBER(E40),E40<0),AND(ISNUMBER(F40),F40<0),AND(ISNUMBER(G40),G40<0)),"NOT A SCORE",IF(OR(AND(ISNUMBER(E40),E40>$E$4),AND(ISNUMBER(F40),F40>$F$4),AND(ISNUMBER(G40),G40>$G$4)),"OVER MAX",IF(COUNT(E40:G40)<3,"MISSING "&TRIM(IF(E40="","GD ","")&IF(F40="","mini project ","")&IF(G40="","mock","")),"COMPLETE"))) -> MISSING GD mini project mock

Sheet By group
A1: By group: does every learner in each group hold three scores?
A3: Group | B3: Seats | C3: Seats complete | D3: Seats short | E3: Group status
A4: G1 | B4: =COUNTIF(Scores!$B$6:$B$40,A4) -> 4 | C4: =COUNTIFS(Scores!$B$6:$B$40,A4,Scores!$I$6:$I$40,"COMPLETE") -> 0 | D4: =B4-C4 -> 4 | E4: =IF(D4=0,"ALL COMPLETE",D4&" seat(s) short") -> 4 seat(s) short
A5: G2 | B5: =COUNTIF(Scores!$B$6:$B$40,A5) -> 4 | C5: =COUNTIFS(Scores!$B$6:$B$40,A5,Scores!$I$6:$I$40,"COMPLETE") -> 0 | D5: =B5-C5 -> 4 | E5: =IF(D5=0,"ALL COMPLETE",D5&" seat(s) short") -> 4 seat(s) short
A6: G3 | B6: =COUNTIF(Scores!$B$6:$B$40,A6) -> 4 | C6: =COUNTIFS(Scores!$B$6:$B$40,A6,Scores!$I$6:$I$40,"COMPLETE") -> 0 | D6: =B6-C6 -> 4 | E6: =IF(D6=0,"ALL COMPLETE",D6&" seat(s) short") -> 4 seat(s) short
A7: G4 | B7: =COUNTIF(Scores!$B$6:$B$40,A7) -> 4 | C7: =COUNTIFS(Scores!$B$6:$B$40,A7,Scores!$I$6:$I$40,"COMPLETE") -> 0 | D7: =B7-C7 -> 4 | E7: =IF(D7=0,"ALL COMPLETE",D7&" seat(s) short") -> 4 seat(s) short
A8: G5 | B8: =COUNTIF(Scores!$B$6:$B$40,A8) -> 4 | C8: =COUNTIFS(Scores!$B$6:$B$40,A8,Scores!$I$6:$I$40,"COMPLETE") -> 0 | D8: =B8-C8 -> 4 | E8: =IF(D8=0,"ALL COMPLETE",D8&" seat(s) short") -> 4 seat(s) short
A9: G6 | B9: =COUNTIF(Scores!$B$6:$B$40,A9) -> 4 | C9: =COUNTIFS(Scores!$B$6:$B$40,A9,Scores!$I$6:$I$40,"COMPLETE") -> 0 | D9: =B9-C9 -> 4 | E9: =IF(D9=0,"ALL COMPLETE",D9&" seat(s) short") -> 4 seat(s) short
A10: G7 | B10: =COUNTIF(Scores!$B$6:$B$40,A10) -> 4 | C10: =COUNTIFS(Scores!$B$6:$B$40,A10,Scores!$I$6:$I$40,"COMPLETE") -> 0 | D10: =B10-C10 -> 4 | E10: =IF(D10=0,"ALL COMPLETE",D10&" seat(s) short") -> 4 seat(s) short
A11: G8 | B11: =COUNTIF(Scores!$B$6:$B$40,A11) -> 4 | C11: =COUNTIFS(Scores!$B$6:$B$40,A11,Scores!$I$6:$I$40,"COMPLETE") -> 0 | D11: =B11-C11 -> 4 | E11: =IF(D11=0,"ALL COMPLETE",D11&" seat(s) short") -> 4 seat(s) short
A12: G9 | B12: =COUNTIF(Scores!$B$6:$B$40,A12) -> 3 | C12: =COUNTIFS(Scores!$B$6:$B$40,A12,Scores!$I$6:$I$40,"COMPLETE") -> 0 | D12: =B12-C12 -> 3 | E12: =IF(D12=0,"ALL COMPLETE",D12&" seat(s) short") -> 3 seat(s) short

Sheet Checks
A1: Checks: every learner holds three scores, none above its maximum
A3: Check | B3: Count
A4: Seats on the Scores sheet | B4: =COUNTA(Scores!$A$6:$A$40) -> 35
A5: Seats that repeat another seat's label | B5: =SUMPRODUCT((COUNTIF(Scores!$A$6:$A$40,Scores!$A$6:$A$40)>1)*1) -> 0
A6: Seats COMPLETE | B6: =COUNTIF(Scores!$I$6:$I$40,"COMPLETE") -> 0
A7: Seats with a score MISSING | B7: =COUNTIF(Scores!$I$6:$I$40,"MISSING*") -> 35
A8: Seats with a score OVER MAX | B8: =COUNTIF(Scores!$I$6:$I$40,"OVER MAX") -> 0
A9: Seats with NOT A SCORE | B9: =COUNTIF(Scores!$I$6:$I$40,"NOT A SCORE") -> 0
A10: GD scores still empty | B10: =COUNTBLANK(Scores!$E$6:$E$40) -> 35
A11: Mini project scores still empty | B11: =COUNTBLANK(Scores!$F$6:$F$40) -> 35
A12: Mock scores still empty | B12: =COUNTBLANK(Scores!$G$6:$G$40) -> 35
A13: Seats with no sub-problem or no panel recorded | B13: =COUNTBLANK(Scores!$C$6:$C$40)+COUNTBLANK(Scores!$D$6:$D$40) -> 70
A15: Verdict | B15: =IF(AND(B6=B4,B5=0,B8=0,B9=0),"READY TO SIGN","NOT READY: "&(B4-B6)&" seats short") -> NOT READY: 35 seats short

Sheet Sign-off
A1: Sign-off: each assessor role signs for its own column
A3: Role | B3: Signs for | C3: Signed | D3: Notes
A4: GD assessor: the industry expert | B4: The GD scores of the rounds the expert ran, Friday and Saturday
A5: GD assessor: the Principal Advisor | B5: The GD scores of the rounds run online
A6: Panel: the industry expert | B6: The mini project scores of the groups this panel heard
A7: Panel: the senior industry leader | B7: The mini project scores of the groups this panel heard
A8: Mock assessor: the Principal Advisor | B8: The Mock R1 scores this assessor gave
A9: Mock assessor: the Programme Head | B9: The Mock R1 scores this assessor gave
A10: Mock assessor: the Academic TA | B10: The Mock R1 scores this assessor gave
A11: Closure: the Programme Head | B11: Every seat holds three scores, the checks are clear, and the grades are closed
A13: Closure | B13: =IF(Checks!B15<>"READY TO SIGN","NOT READY",IF(COUNTIF(C4:C11,"Yes")=8,"CLOSED","READY: awaiting "&(8-COUNTIF(C4:C11,"Yes"))&" sign-offs")) -> NOT READY
