Workbook

Sheet Read me
A1: Build 1 mini project scoring sheet (TRAINER ONLY)
A3: The rubric is Build 1's mini project rubric as the requester approved it on 29 September 2026, recorded in data/programme/facts.yaml (evaluation.rubrics.W03). The first four criteria are scored once for the group, and every member receives those 34 marks; presentation and defence is scored for each learner on 6 marks, so a silent teammate cannot ride the group's score.
A4: Yellow cells with blue text are the inputs. On Groups: the sub-problem, the panel, the day, and the four group criteria. On Learners: whether the seat is in use and the presentation and defence score. Totals, checks and the summary are formulas.
A5: Score each group after its slot, never in front of it, from the panel's evidence notes and the question bank (content/W03/SAT/trainer/C2_W03_SAT_question_bank_TRAINER.md). A silent teammate's presentation and defence score waits for the separate question in the room's reserve.
A6: Mark an unused seat (the group of three, or an absent learner) N in the In use column; the row then reads absent and drops out of the counts. An absence is recorded with the Programme Head's decision in the grade closure workbook's Notes.
A7: Each learner's total out of 40 is copied once into the grade closure workbook (C2_W03_SAT_grade_closure_TRAINER.xlsx, Scores, Mini project). Learner names go only into the copy the Programme Head keeps, never into the committed file, because the repository is public.

Sheet Rubric
A1: Mini project rubric, 40 marks per learner
A2: Criterion | B2: Marks | C2: What full marks look like | D2: Scored
A3: The question translated | B3: 8 | C3: Dr Menon's words are mapped to the right Weeks 1 and 2 method, with the metric defined and the decision it feeds named. | D3: once per group
A4: The data made trustworthy | B4: 10 | C4: The data is profiled before it is touched, every cleaning call is in the decisions log with its reason, and counts and rupees reconcile across files. | D4: once per group
A5: The analysis | B5: 10 | C5: The tree, ladder or fair comparison reaches the branch that explains the symptom, on the right denominator, with a chance test where one is needed. | D5: once per group
A6: The claim | B6: 6 | C6: One sentence carries its number, denominator, period and caveat, plus an action Dr Menon can take. | D6: once per group
A7: Presentation and defence | B7: 6 | C7: The live demo runs cold, and every member answers a challenge on the caveat. | D7: per learner
A8: Total | B8: =SUM(B3:B7) -> 40
A9: Group part | B9: =SUM(B3:B6) -> 34
A11: Source: data/programme/facts.yaml, evaluation.rubrics.W03.events.mini-project, approved 29 September 2026.

Sheet Groups
A1: Groups: the four group criteria, scored once per group
A2: Group | B2: Sub-problem | C2: Panel | D2: Day | E2: The question translated (of 8) | F2: The data made trustworthy (of 10) | G2: The analysis (of 10) | H2: The claim (of 6) | I2: Group part (of 34) | J2: Check
A3: G1 | I3: =IF(COUNT(E3:H3)<4,"incomplete",SUM(E3:H3)) -> incomplete | J3: =IF(OR(E3>Rubric!$B$3,F3>Rubric!$B$4,G3>Rubric!$B$5,H3>Rubric!$B$6,MIN(E3:H3)<0),"above a maximum or below zero","ok") -> ok
A4: G2 | I4: =IF(COUNT(E4:H4)<4,"incomplete",SUM(E4:H4)) -> incomplete | J4: =IF(OR(E4>Rubric!$B$3,F4>Rubric!$B$4,G4>Rubric!$B$5,H4>Rubric!$B$6,MIN(E4:H4)<0),"above a maximum or below zero","ok") -> ok
A5: G3 | I5: =IF(COUNT(E5:H5)<4,"incomplete",SUM(E5:H5)) -> incomplete | J5: =IF(OR(E5>Rubric!$B$3,F5>Rubric!$B$4,G5>Rubric!$B$5,H5>Rubric!$B$6,MIN(E5:H5)<0),"above a maximum or below zero","ok") -> ok
A6: G4 | I6: =IF(COUNT(E6:H6)<4,"incomplete",SUM(E6:H6)) -> incomplete | J6: =IF(OR(E6>Rubric!$B$3,F6>Rubric!$B$4,G6>Rubric!$B$5,H6>Rubric!$B$6,MIN(E6:H6)<0),"above a maximum or below zero","ok") -> ok
A7: G5 | I7: =IF(COUNT(E7:H7)<4,"incomplete",SUM(E7:H7)) -> incomplete | J7: =IF(OR(E7>Rubric!$B$3,F7>Rubric!$B$4,G7>Rubric!$B$5,H7>Rubric!$B$6,MIN(E7:H7)<0),"above a maximum or below zero","ok") -> ok
A8: G6 | I8: =IF(COUNT(E8:H8)<4,"incomplete",SUM(E8:H8)) -> incomplete | J8: =IF(OR(E8>Rubric!$B$3,F8>Rubric!$B$4,G8>Rubric!$B$5,H8>Rubric!$B$6,MIN(E8:H8)<0),"above a maximum or below zero","ok") -> ok
A9: G7 | I9: =IF(COUNT(E9:H9)<4,"incomplete",SUM(E9:H9)) -> incomplete | J9: =IF(OR(E9>Rubric!$B$3,F9>Rubric!$B$4,G9>Rubric!$B$5,H9>Rubric!$B$6,MIN(E9:H9)<0),"above a maximum or below zero","ok") -> ok
A10: G8 | I10: =IF(COUNT(E10:H10)<4,"incomplete",SUM(E10:H10)) -> incomplete | J10: =IF(OR(E10>Rubric!$B$3,F10>Rubric!$B$4,G10>Rubric!$B$5,H10>Rubric!$B$6,MIN(E10:H10)<0),"above a maximum or below zero","ok") -> ok
A11: G9 | I11: =IF(COUNT(E11:H11)<4,"incomplete",SUM(E11:H11)) -> incomplete | J11: =IF(OR(E11>Rubric!$B$3,F11>Rubric!$B$4,G11>Rubric!$B$5,H11>Rubric!$B$6,MIN(E11:H11)<0),"above a maximum or below zero","ok") -> ok

Sheet Learners
A1: Learners: presentation and defence per learner, and each learner's total
A2: Group | B2: Seat | C2: In use (Y or N) | D2: Presentation and defence (of 6) | E2: Group part (of 34) | F2: Total (of 40) | G2: Check
A3: G1 | B3: 1 | C3: Y | E3: =INDEX(Groups!$I$3:$I$11,MATCH(A3,Groups!$A$3:$A$11,0)) -> incomplete | F3: =IF(C3="N","absent",IF(OR(NOT(ISNUMBER(D3)),NOT(ISNUMBER(E3))),"incomplete",D3+E3)) -> incomplete | G3: =IF(AND(ISNUMBER(D3),OR(D3>Rubric!$B$7,D3<0)),"above a maximum or below zero","ok") -> ok
A4: G1 | B4: 2 | C4: Y | E4: =INDEX(Groups!$I$3:$I$11,MATCH(A4,Groups!$A$3:$A$11,0)) -> incomplete | F4: =IF(C4="N","absent",IF(OR(NOT(ISNUMBER(D4)),NOT(ISNUMBER(E4))),"incomplete",D4+E4)) -> incomplete | G4: =IF(AND(ISNUMBER(D4),OR(D4>Rubric!$B$7,D4<0)),"above a maximum or below zero","ok") -> ok
A5: G1 | B5: 3 | C5: Y | E5: =INDEX(Groups!$I$3:$I$11,MATCH(A5,Groups!$A$3:$A$11,0)) -> incomplete | F5: =IF(C5="N","absent",IF(OR(NOT(ISNUMBER(D5)),NOT(ISNUMBER(E5))),"incomplete",D5+E5)) -> incomplete | G5: =IF(AND(ISNUMBER(D5),OR(D5>Rubric!$B$7,D5<0)),"above a maximum or below zero","ok") -> ok
A6: G1 | B6: 4 | C6: Y | E6: =INDEX(Groups!$I$3:$I$11,MATCH(A6,Groups!$A$3:$A$11,0)) -> incomplete | F6: =IF(C6="N","absent",IF(OR(NOT(ISNUMBER(D6)),NOT(ISNUMBER(E6))),"incomplete",D6+E6)) -> incomplete | G6: =IF(AND(ISNUMBER(D6),OR(D6>Rubric!$B$7,D6<0)),"above a maximum or below zero","ok") -> ok
A7: G2 | B7: 1 | C7: Y | E7: =INDEX(Groups!$I$3:$I$11,MATCH(A7,Groups!$A$3:$A$11,0)) -> incomplete | F7: =IF(C7="N","absent",IF(OR(NOT(ISNUMBER(D7)),NOT(ISNUMBER(E7))),"incomplete",D7+E7)) -> incomplete | G7: =IF(AND(ISNUMBER(D7),OR(D7>Rubric!$B$7,D7<0)),"above a maximum or below zero","ok") -> ok
A8: G2 | B8: 2 | C8: Y | E8: =INDEX(Groups!$I$3:$I$11,MATCH(A8,Groups!$A$3:$A$11,0)) -> incomplete | F8: =IF(C8="N","absent",IF(OR(NOT(ISNUMBER(D8)),NOT(ISNUMBER(E8))),"incomplete",D8+E8)) -> incomplete | G8: =IF(AND(ISNUMBER(D8),OR(D8>Rubric!$B$7,D8<0)),"above a maximum or below zero","ok") -> ok
A9: G2 | B9: 3 | C9: Y | E9: =INDEX(Groups!$I$3:$I$11,MATCH(A9,Groups!$A$3:$A$11,0)) -> incomplete | F9: =IF(C9="N","absent",IF(OR(NOT(ISNUMBER(D9)),NOT(ISNUMBER(E9))),"incomplete",D9+E9)) -> incomplete | G9: =IF(AND(ISNUMBER(D9),OR(D9>Rubric!$B$7,D9<0)),"above a maximum or below zero","ok") -> ok
A10: G2 | B10: 4 | C10: Y | E10: =INDEX(Groups!$I$3:$I$11,MATCH(A10,Groups!$A$3:$A$11,0)) -> incomplete | F10: =IF(C10="N","absent",IF(OR(NOT(ISNUMBER(D10)),NOT(ISNUMBER(E10))),"incomplete",D10+E10)) -> incomplete | G10: =IF(AND(ISNUMBER(D10),OR(D10>Rubric!$B$7,D10<0)),"above a maximum or below zero","ok") -> ok
A11: G3 | B11: 1 | C11: Y | E11: =INDEX(Groups!$I$3:$I$11,MATCH(A11,Groups!$A$3:$A$11,0)) -> incomplete | F11: =IF(C11="N","absent",IF(OR(NOT(ISNUMBER(D11)),NOT(ISNUMBER(E11))),"incomplete",D11+E11)) -> incomplete | G11: =IF(AND(ISNUMBER(D11),OR(D11>Rubric!$B$7,D11<0)),"above a maximum or below zero","ok") -> ok
A12: G3 | B12: 2 | C12: Y | E12: =INDEX(Groups!$I$3:$I$11,MATCH(A12,Groups!$A$3:$A$11,0)) -> incomplete | F12: =IF(C12="N","absent",IF(OR(NOT(ISNUMBER(D12)),NOT(ISNUMBER(E12))),"incomplete",D12+E12)) -> incomplete | G12: =IF(AND(ISNUMBER(D12),OR(D12>Rubric!$B$7,D12<0)),"above a maximum or below zero","ok") -> ok
A13: G3 | B13: 3 | C13: Y | E13: =INDEX(Groups!$I$3:$I$11,MATCH(A13,Groups!$A$3:$A$11,0)) -> incomplete | F13: =IF(C13="N","absent",IF(OR(NOT(ISNUMBER(D13)),NOT(ISNUMBER(E13))),"incomplete",D13+E13)) -> incomplete | G13: =IF(AND(ISNUMBER(D13),OR(D13>Rubric!$B$7,D13<0)),"above a maximum or below zero","ok") -> ok
A14: G3 | B14: 4 | C14: Y | E14: =INDEX(Groups!$I$3:$I$11,MATCH(A14,Groups!$A$3:$A$11,0)) -> incomplete | F14: =IF(C14="N","absent",IF(OR(NOT(ISNUMBER(D14)),NOT(ISNUMBER(E14))),"incomplete",D14+E14)) -> incomplete | G14: =IF(AND(ISNUMBER(D14),OR(D14>Rubric!$B$7,D14<0)),"above a maximum or below zero","ok") -> ok
... A38: G9 | B38: 4 | C38: Y | E38: =INDEX(Groups!$I$3:$I$11,MATCH(A38,Groups!$A$3:$A$11,0)) -> incomplete | F38: =IF(C38="N","absent",IF(OR(NOT(ISNUMBER(D38)),NOT(ISNUMBER(E38))),"incomplete",D38+E38)) -> incomplete | G38: =IF(AND(ISNUMBER(D38),OR(D38>Rubric!$B$7,D38<0)),"above a maximum or below zero","ok") -> ok

Sheet Summary
A1: Summary
A2: What | B2: Result
A3: Seats in use | B3: =COUNTIF(Learners!C3:C38,"Y") -> 36
A4: Learners fully scored | B4: =COUNT(Learners!F3:F38) -> 0
A5: Groups with all four group criteria scored | B5: =COUNT(Groups!I3:I11) -> 0
A6: Scores above a criterion's maximum or below zero | B6: =COUNTIF(Groups!J3:J11,"above*")+COUNTIF(Learners!G3:G38,"above*") -> 0
A7: Rubric total checks | B7: =IF(Rubric!$B$8=40,"the rubric adds to 40","the rubric adds to "&Rubric!$B$8&", not 40") -> the rubric adds to 40
A8: Group part checks | B8: =IF(Rubric!$B$9=34,"the group part adds to 34","the group part adds to "&Rubric!$B$9&", not 34") -> the group part adds to 34
A9: Verdict | B9: =IF(B6>0,B6&" score(s) outside the rubric",IF(B4=B3,"every learner in use is scored",B3-B4&" learners still to score")) -> 36 learners still to score
