Workbook

Sheet Read me
A1: Build 1 GD roster, Friday and Saturday morning (TRAINER ONLY)
A3: Yellow cells with blue text are the inputs. Everything else is a formula, so a changed input recomputes every end and every verdict.
A4: Times are minutes into the block, never clock times. A block runs 180 minutes (data/programme/facts.yaml, campus_day).
A5: Stream A is the industry expert in the GD room. Stream B is the Principal Advisor online, hosted by the Academic TA in a second room.
A6: On Monday, replace the sub-problem values on Inputs with the Programme Head's allocation. The values shipped are an example, placed so that the shipped draw shows no clash.
A7: At the Friday opening, the Programme Head draws the GD order by lot and types each group's position on Inputs. Slot 1 is the first round; the card each slot carries is fixed on Roster, so complexity climbs with the slot.
A8: Cards 07 to 10 read for four minutes and discuss for seventeen; cards 01 to 06 read for three and discuss for eighteen. Every round is 30 minutes.
A9: Check reads the result: the GD minutes, how the roster stretches for more groups, whether every round ends inside its block, and whether any group meets a card it is kept from.
A10: A clash means swapping the card with the other card of the same level on Roster, if that card's own flag allows, or with the spare, card 08, which is kept from nobody.

Sheet Inputs
A1: Inputs
A2: Setting | B2: Value | C2: Source
A3: Round length, minutes | B3: 30 | C3: The row: about 30 minutes per group
A4: Opening before the first round, minutes | B4: 15 | C4: The expert's opening to the whole cohort, Friday block one
A5: Block length, minutes | B5: 180 | C5: data/programme/facts.yaml, campus_day
A6: Groups this build | B6: 9 | C6: data/programme/facts.yaml, cohort.build_groups (stated); the tracker plans fifteen
A7: Rounds in the standard roster | B7: 9 | C7: Seven on Friday and two on Saturday morning
A8: Saturday rounds per stream, most | B8: 3 | C8: Past three, Saturday's presentations move back more than an hour
A11: Groups: sub-problem from Monday's allocation, GD position from Friday's draw
A12: Group | B12: Sub-problem (1 revenue, 2 bookings, 3 billing, 4 no-shows, 5 campaign) | C12: GD position drawn (1 to 9)
A13: G1 | B13: 3 | C13: 1
A14: G2 | B14: 3 | C14: 2
A15: G3 | B15: 1 | C15: 3
A16: G4 | B16: 1 | C16: 4
A17: G5 | B17: 2 | C17: 5
A18: G6 | B18: 2 | C18: 6
A19: G7 | B19: 4 | C19: 7
A20: G8 | B20: 4 | C20: 8
A21: G9 | B21: 5 | C21: 9

Sheet Prompts
A1: The ten cards
A2: Card | B2: The card's question | C2: Level | D2: Kept from sub-problems | E2: Read, then discuss
A3: 1 | B3: Should Kalpa cut the self-pay price of its Whole-body wellness panel from $299 to $249? | C3: 1 | D3: none | E3: 3, then 18
A4: 2 | B4: Should Kalpa stop posting paper statements and bill patients by text and email only? | C4: 1 | D4: none | E4: 3, then 18
A5: 3 | B5: Should Kalpa promise same-day results in all six metros? | C5: 2 | D5: none | E5: 3, then 18
A6: 4 | B6: Should Kalpa close its phone booking line and move every patient online? | C6: 2 | D6: none | E6: 3, then 18
A7: 5 | B7: Is the vendor's 30 percent fall in denials good enough to buy on? | C7: 3 | D7: 3 and 5 | E7: 3, then 18
A8: 6 | B8: Should the lab director rank the six labs monthly on turnaround? | C8: 3 | D8: 4 | E8: 3, then 18
A9: 7 | B9: Where should the board's $2 million for growth go? | C9: 4 | D9: none | E9: 4, then 17
A10: 8 | B10: Should Kalpa sign the plan's preferred-lab offer in Dallas? (the spare) | C10: 4 | D10: none | E10: 4, then 17
A11: 9 | B11: What does Dr Menon do in the week the clearinghouse is down? | C11: 5 | D11: 3 | E11: 4, then 17
A12: 10 | B12: Should Kalpa move its Texas Medicaid claim work to Bengaluru? | C12: 5 | D12: none | E12: 4, then 17

Sheet Roster
A1: GD roster: nine rounds, complexity climbing with the slot
A3: Slot | B3: Day | C3: Block | D3: Stream | E3: Chair | F3: Room | G3: Start, minutes into the block | H3: End, minutes into the block | I3: Level | J3: Card | K3: Group | L3: Group's sub-problem | M3: Card is kept from | N3: Clash check | O3: Block check
A4: 1 | B4: Friday | C4: one | D4: A | E4: The industry expert | F4: GD room | G4: =Inputs!$B$4 -> 15 | H4: =G4+Inputs!$B$3 -> 45 | I4: =INDEX(Prompts!$C$3:$C$12,MATCH(J4,Prompts!$A$3:$A$12,0)) -> 1 | J4: 1 | K4: =IFERROR(INDEX(Inputs!$A$13:$A$21,MATCH(A4,Inputs!$C$13:$C$21,0)),"no group drawn") -> G1 | L4: =IFERROR(INDEX(Inputs!$B$13:$B$21,MATCH(K4,Inputs!$A$13:$A$21,0)),"") -> 3 | M4: =INDEX(Prompts!$D$3:$D$12,MATCH(J4,Prompts!$A$3:$A$12,0)) -> none | N4: =IF(L4="","no group",IF(ISNUMBER(SEARCH(L4,M4)),"swap: the card meets the group's own sub-problem","ok")) -> ok | O4: =IF(H4>Inputs!$B$5,"over the block end","inside the block") -> inside the block
A5: 2 | B5: Friday | C5: one | D5: B | E5: The Principal Advisor, online | F5: Second room | G5: =Inputs!$B$4 -> 15 | H5: =G5+Inputs!$B$3 -> 45 | I5: =INDEX(Prompts!$C$3:$C$12,MATCH(J5,Prompts!$A$3:$A$12,0)) -> 1 | J5: 2 | K5: =IFERROR(INDEX(Inputs!$A$13:$A$21,MATCH(A5,Inputs!$C$13:$C$21,0)),"no group drawn") -> G2 | L5: =IFERROR(INDEX(Inputs!$B$13:$B$21,MATCH(K5,Inputs!$A$13:$A$21,0)),"") -> 3 | M5: =INDEX(Prompts!$D$3:$D$12,MATCH(J5,Prompts!$A$3:$A$12,0)) -> none | N5: =IF(L5="","no group",IF(ISNUMBER(SEARCH(L5,M5)),"swap: the card meets the group's own sub-problem","ok")) -> ok | O5: =IF(H5>Inputs!$B$5,"over the block end","inside the block") -> inside the block
A6: 3 | B6: Friday | C6: one | D6: A | E6: The industry expert | F6: GD room | G6: =Inputs!$B$4+Inputs!$B$3 -> 45 | H6: =G6+Inputs!$B$3 -> 75 | I6: =INDEX(Prompts!$C$3:$C$12,MATCH(J6,Prompts!$A$3:$A$12,0)) -> 2 | J6: 3 | K6: =IFERROR(INDEX(Inputs!$A$13:$A$21,MATCH(A6,Inputs!$C$13:$C$21,0)),"no group drawn") -> G3 | L6: =IFERROR(INDEX(Inputs!$B$13:$B$21,MATCH(K6,Inputs!$A$13:$A$21,0)),"") -> 1 | M6: =INDEX(Prompts!$D$3:$D$12,MATCH(J6,Prompts!$A$3:$A$12,0)) -> none | N6: =IF(L6="","no group",IF(ISNUMBER(SEARCH(L6,M6)),"swap: the card meets the group's own sub-problem","ok")) -> ok | O6: =IF(H6>Inputs!$B$5,"over the block end","inside the block") -> inside the block
A7: 4 | B7: Friday | C7: one | D7: B | E7: The Principal Advisor, online | F7: Second room | G7: =Inputs!$B$4+Inputs!$B$3 -> 45 | H7: =G7+Inputs!$B$3 -> 75 | I7: =INDEX(Prompts!$C$3:$C$12,MATCH(J7,Prompts!$A$3:$A$12,0)) -> 2 | J7: 4 | K7: =IFERROR(INDEX(Inputs!$A$13:$A$21,MATCH(A7,Inputs!$C$13:$C$21,0)),"no group drawn") -> G4 | L7: =IFERROR(INDEX(Inputs!$B$13:$B$21,MATCH(K7,Inputs!$A$13:$A$21,0)),"") -> 1 | M7: =INDEX(Prompts!$D$3:$D$12,MATCH(J7,Prompts!$A$3:$A$12,0)) -> none | N7: =IF(L7="","no group",IF(ISNUMBER(SEARCH(L7,M7)),"swap: the card meets the group's own sub-problem","ok")) -> ok | O7: =IF(H7>Inputs!$B$5,"over the block end","inside the block") -> inside the block
A8: 5 | B8: Friday | C8: one | D8: A | E8: The industry expert | F8: GD room | G8: =Inputs!$B$4+2*Inputs!$B$3 -> 75 | H8: =G8+Inputs!$B$3 -> 105 | I8: =INDEX(Prompts!$C$3:$C$12,MATCH(J8,Prompts!$A$3:$A$12,0)) -> 3 | J8: 5 | K8: =IFERROR(INDEX(Inputs!$A$13:$A$21,MATCH(A8,Inputs!$C$13:$C$21,0)),"no group drawn") -> G5 | L8: =IFERROR(INDEX(Inputs!$B$13:$B$21,MATCH(K8,Inputs!$A$13:$A$21,0)),"") -> 2 | M8: =INDEX(Prompts!$D$3:$D$12,MATCH(J8,Prompts!$A$3:$A$12,0)) -> 3 and 5 | N8: =IF(L8="","no group",IF(ISNUMBER(SEARCH(L8,M8)),"swap: the card meets the group's own sub-problem","ok")) -> ok | O8: =IF(H8>Inputs!$B$5,"over the block end","inside the block") -> inside the block
A9: 6 | B9: Friday | C9: one | D9: A | E9: The industry expert | F9: GD room | G9: =Inputs!$B$4+3*Inputs!$B$3 -> 105 | H9: =G9+Inputs!$B$3 -> 135 | I9: =INDEX(Prompts!$C$3:$C$12,MATCH(J9,Prompts!$A$3:$A$12,0)) -> 3 | J9: 6 | K9: =IFERROR(INDEX(Inputs!$A$13:$A$21,MATCH(A9,Inputs!$C$13:$C$21,0)),"no group drawn") -> G6 | L9: =IFERROR(INDEX(Inputs!$B$13:$B$21,MATCH(K9,Inputs!$A$13:$A$21,0)),"") -> 2 | M9: =INDEX(Prompts!$D$3:$D$12,MATCH(J9,Prompts!$A$3:$A$12,0)) -> 4 | N9: =IF(L9="","no group",IF(ISNUMBER(SEARCH(L9,M9)),"swap: the card meets the group's own sub-problem","ok")) -> ok | O9: =IF(H9>Inputs!$B$5,"over the block end","inside the block") -> inside the block
A10: 7 | B10: Friday | C10: one | D10: A | E10: The industry expert | F10: GD room | G10: =Inputs!$B$4+4*Inputs!$B$3 -> 135 | H10: =G10+Inputs!$B$3 -> 165 | I10: =INDEX(Prompts!$C$3:$C$12,MATCH(J10,Prompts!$A$3:$A$12,0)) -> 4 | J10: 7 | K10: =IFERROR(INDEX(Inputs!$A$13:$A$21,MATCH(A10,Inputs!$C$13:$C$21,0)),"no group drawn") -> G7 | L10: =IFERROR(INDEX(Inputs!$B$13:$B$21,MATCH(K10,Inputs!$A$13:$A$21,0)),"") -> 4 | M10: =INDEX(Prompts!$D$3:$D$12,MATCH(J10,Prompts!$A$3:$A$12,0)) -> none | N10: =IF(L10="","no group",IF(ISNUMBER(SEARCH(L10,M10)),"swap: the card meets the group's own sub-problem","ok")) -> ok | O10: =IF(H10>Inputs!$B$5,"over the block end","inside the block") -> inside the block
A11: 8 | B11: Saturday | C11: morning | D11: A | E11: The industry expert | F11: GD room | G11: =0 -> 0 | H11: =G11+Inputs!$B$3 -> 30 | I11: =INDEX(Prompts!$C$3:$C$12,MATCH(J11,Prompts!$A$3:$A$12,0)) -> 5 | J11: 9 | K11: =IFERROR(INDEX(Inputs!$A$13:$A$21,MATCH(A11,Inputs!$C$13:$C$21,0)),"no group drawn") -> G8 | L11: =IFERROR(INDEX(Inputs!$B$13:$B$21,MATCH(K11,Inputs!$A$13:$A$21,0)),"") -> 4 | M11: =INDEX(Prompts!$D$3:$D$12,MATCH(J11,Prompts!$A$3:$A$12,0)) -> 3 | N11: =IF(L11="","no group",IF(ISNUMBER(SEARCH(L11,M11)),"swap: the card meets the group's own sub-problem","ok")) -> ok | O11: =IF(H11>Inputs!$B$5,"over the block end","inside the block") -> inside the block
A12: 9 | B12: Saturday | C12: morning | D12: B | E12: The Principal Advisor, online | F12: Second room | G12: =0 -> 0 | H12: =G12+Inputs!$B$3 -> 30 | I12: =INDEX(Prompts!$C$3:$C$12,MATCH(J12,Prompts!$A$3:$A$12,0)) -> 5 | J12: 10 | K12: =IFERROR(INDEX(Inputs!$A$13:$A$21,MATCH(A12,Inputs!$C$13:$C$21,0)),"no group drawn") -> G9 | L12: =IFERROR(INDEX(Inputs!$B$13:$B$21,MATCH(K12,Inputs!$A$13:$A$21,0)),"") -> 5 | M12: =INDEX(Prompts!$D$3:$D$12,MATCH(J12,Prompts!$A$3:$A$12,0)) -> none | N12: =IF(L12="","no group",IF(ISNUMBER(SEARCH(L12,M12)),"swap: the card meets the group's own sub-problem","ok")) -> ok | O12: =IF(H12>Inputs!$B$5,"over the block end","inside the block") -> inside the block
A15: Slots 1 to 7 run in Friday block one; slots 8 and 9 open Saturday morning, in parallel, before the presentations.
A16: Stream B's rounds 3 to 5 on Friday, and Saturday rounds beyond the first, are the stretch the Check sheet names when more groups run.

Sheet Friday block two
A1: Friday block two: the first tranche, the cold-run roll call and the draw
A3: Presentations in the first tranche | B3: 3
A4: Presentation slot, minutes | B4: 30
A5: GD notes consolidated by the expert, the Principal Advisor and the trainer, minutes | B5: 20
A6: Cold-run roll call, minutes per group | B6: 3
A7: Drawing Saturday's presentation order, minutes | B7: 10
A9: Part | B9: Minutes | C9: Start, minutes into the block | D9: End, minutes into the block
A10: First tranche of presentations, before the expert | B10: =B3*B4 -> 90 | C10: =0 -> 0 | D10: =C10+B10 -> 90
A11: GD notes consolidated (groups run cold run one) | B11: =B5 -> 20 | C11: =D10 -> 90 | D11: =C11+B11 -> 110
A12: Cold-run roll call, every group | B12: =B6*Inputs!B6 -> 27 | C12: =D11 -> 110 | D12: =C12+B12 -> 137
A13: Saturday's presentation order drawn | B13: =B7 -> 10 | C13: =D12 -> 137 | D13: =C13+B13 -> 147
A14: Saturday handover and slack | B14: =Inputs!B5-SUM(B10:B13) -> 33 | C14: =D13 -> 147 | D14: =C14+B14 -> 180
A16: Block two check | B16: =IF(B14<0,"block two runs over by "&-B14&" minutes: shorten the tranche","block two fits with "&B14&" minutes of slack") -> block two fits with 33 minutes of slack

Sheet Check
A1: Check
A2: What | B2: Result
A3: GD minutes this build | B3: =Inputs!B6*Inputs!B3 -> 270
A4: Rounds one stream can run in Friday block one | B4: =INT((Inputs!B5-Inputs!B4)/Inputs!B3) -> 5
A5: Rounds both streams can run in Friday block one | B5: =2*B4 -> 10
A6: Rounds both streams can run on Saturday morning, at most | B6: =2*Inputs!B8 -> 6
A7: Most groups the two expert days hold | B7: =B5+B6 -> 16
A8: The roster for this many groups | B8: =IF(Inputs!B6<=Inputs!B7,"standard roster: nine rounds, seven on Friday and two on Saturday morning",IF(Inputs!B6<=B5+2,"stretch: stream B runs more Friday rounds, up to "&B5&" rounds across both streams in block one, and Saturday keeps its two",IF(Inputs!B6<=B7,"stretch: stream B runs all Friday rounds and both streams run up to "&Inputs!B8&" Saturday rounds, which moves Saturday presentations back by up to "&(Inputs!B8-1)*Inputs!B3&" minutes","over the two expert days: the Programme Head adds a third chair"))) -> standard roster: nine rounds, seven on Friday and two on Saturday morning
A9: Clashes between a card and its group's sub-problem | B9: =COUNTIF(Roster!N4:N12,"swap*") -> 0
A10: Clash verdict | B10: =IF(B9=0,"no group meets its own sub-problem",B9&" clash: swap within the level or use card 08") -> no group meets its own sub-problem
A11: Rounds that run past their block | B11: =COUNTIF(Roster!O4:O12,"over*") -> 0
A12: Block verdict | B12: =IF(B11=0,"every round ends inside its block",B11&" round runs past the block end") -> every round ends inside its block
A13: Groups drawn to one slot each | B13: =IF(SUMPRODUCT((COUNTIF(Inputs!C13:C21,Inputs!C13:C21)>1)*1)=0,"every group sits exactly one GD","two groups share a slot: redraw") -> every group sits exactly one GD
