Workbook

Sheet Read me
A1: How is every Build 2 group and learner scored, and is every grade closed? (TRAINER ONLY, PROPOSED)
A3: Status | B3: Every criterion on the Rubric sheet is proposed. Decision rubrics-and-calendar in data/programme/facts.yaml is open until the Programme Head closes it; the 40, 30 and 30 per event are settled (decision evaluation-lock). The criteria in words: C2_W06_D02_rubrics_proposed_TRAINER.md.
A4: Where to type | B4: Only the yellow cells. Groups: Friday's cold run, Saturday's demo and the four group criteria. Seats: whether a seat is in use. Mock R2: the passport at the gate, the Friday retake, the three viva criteria and the three written parts. GD: the four criteria. Mini project: passport and defence. Every other cell is a formula.
A5: Who types when | B5: Thursday: each gate assessor types the viva and the passport during the three minutes after each slot; TA1 types the written parts that evening. Friday: each GD chair types after each round; TA1 types the cold runs and the retakes. Saturday: each room's scribe types the group criteria, the demo outcome and passport and defence after each slot, never in front of the group.
A6: The demo rule (proposed) | B6: Saturday's live demo runs once from a fresh start. If it stops, the group has two minutes to recover it. If it still stops, the group presents from its executed notebook, the card's decision and MVP plan cannot carry full marks, and the other 24 group marks stand on the executed run. A demo held up by a failed machine runs in the room's reserve before anyone's passport and defence is scored. Friday's cold run is recorded and decides nothing on its own.
A7: The passport at the gate | B7: One number drawn in the viva and recomputed live. Not yet means a Friday retake with TA1; the retake's result is recorded and moves no mark on its own.
A8: Seats, never names | B8: 39 seats, three per group, G1 to G13. Mark an absent learner N on Seats; the row then reads absent everywhere and drops out of the counts. Names go only into the Programme Head's own dated copy, never into the committed file, because the repository is public.
A9: A worked example | B9: G1 scored 7, 5, 8 and 6 after a demo that ran reads a group part of 26. Its first member with passport and defence 6 reads 32 of 40; with a viva of 5, 4 and 2 and written parts of 5, 1.5 and 4 reads 21.5 of 30 for Mock R2; with GD scores of 6, 6, 6 and 4 reads 22 of 30; and closes on 75.5 of 100.
A10: Closing the grades | B10: Saturday, 30 minutes: work the Summary verdict down to 'every learner in use is scored', clearing each flag it names, then save the dated copy.

Sheet Rubric
A1: Build 2 rubrics, all PROPOSED (decision rubrics-and-calendar is open)
A2: Event | B2: Criterion or part | C2: Marks | D2: Scored
A3: Mini project | B3: Frame and requirements | C3: 8 | D3: once per group
A4: Mini project | B4: Data audited | C4: 6 | D4: once per group
A5: Mini project | B5: Honest POC and error bill | C5: 10 | D5: once per group
A6: Mini project | B6: The card's decision and the MVP plan | C6: 8 | D6: once per group
A7: Mini project | B7: Passport and defence | C7: 8 | D7: per learner
A8: Mock R2 viva | B8: The translation, with one decision defended by evidence | C8: 6 | D8: per learner
A9: Mock R2 viva | B9: Defending a caveat under challenge | C9: 6 | D9: per learner
A10: Mock R2 viva | B10: What they would do differently | C10: 3 | D10: per learner
A11: Mock R2 written | B11: A. One correct option | C11: 6 | D11: per learner
A12: Mock R2 written | B12: B. More than one correct | C12: 3 | D12: per learner
A13: Mock R2 written | B13: C. Applied maths | C13: 6 | D13: per learner
A14: GD | B14: Structures the problem | C14: 8 | D14: per learner
... A17: GD | B17: Lands a conclusion | C17: 6 | D17: per learner
B19: Mini project total | C19: =SUMIF(A3:A17,"Mini project",C3:C17) | D19: =IF(C19=40,"adds to 40","adds to "&C19&", not 40")
B20: Mini project group part | C20: =SUMIFS(C3:C17,A3:A17,"Mini project",D3:D17,"once per group") | D20: =IF(C20=32,"adds to 32","adds to "&C20&", not 32")
B21: Mock R2 total | C21: =SUMIF(A3:A17,"Mock R2*",C3:C17) | D21: =IF(C21=30,"adds to 30","adds to "&C21&", not 30")
B22: GD total | C22: =SUMIF(A3:A17,"GD",C3:C17) | D22: =IF(C22=30,"adds to 30","adds to "&C22&", not 30")
B24: Source: C2_W06_D02_rubrics_proposed_TRAINER.md; the GD rows copy Build 1's approved rubric from facts.yaml.

Sheet Groups
A1: Groups: the four group criteria, scored once per group, and the two demo records
A2: Group | B2: Card | C2: Saturday room | D2: Friday cold run | E2: Saturday demo | F2: Frame and requirements (of 8) | G2: Data audited (of 6) | H2: Honest POC and error bill (of 10) | I2: The card's decision and the MVP plan (of 8) | J2: Group part (of 32) | K2: Check | L2: What the demo rule means for this group
A3: G1 | B3: 1 | C3: A | J3: =IF(COUNT(F3:I3)<4,"incomplete",SUM(F3:I3)) | K3: =IF(OR(AND(ISNUMBER(F3),OR(F3>Rubric!$C$3,F3<0)),AND(ISNUMBER(G3),OR(G3>Rubric!$C$4,G3<0)),AND(ISNUMBER(H3),OR(H3>Rubric!$C$5,H3<0)),AND(ISNUMBER(I3),OR(I3>Rubric!$C$6,I3<0))),"above a maximum or below zero",IF(AND(E3="still stopped: presented from the executed notebook",ISNUMBER(I3),I3>=Rubric!$C$6),"full marks on the MVP criterion need a demo that ran",IF(AND(COUNT(F3:I3)>0,E3=""),"record the demo's outcome",IF(AND(COUNT(F3:I3)>0,D3=""),"record Friday's cold run","ok")))) | L3: =IF(E3="","record the demo's outcome",IF(E3="still stopped: presented from the executed notebook","the other 24 stand on the executed run; the MVP criterion cannot carry full marks",IF(E3="machine failed: demo waits for the reserve","run the demo in the room's reserve, then record its outcome",IF(E3="recovered within two minutes","the rule sets nothing for a recovery: the panel judges it within the MVP criterion","the live demo ran"))))
A4: G2 | B4: 1 | C4: A | J4: =IF(COUNT(F4:I4)<4,"incomplete",SUM(F4:I4)) | K4: =IF(OR(AND(ISNUMBER(F4),OR(F4>Rubric!$C$3,F4<0)),AND(ISNUMBER(G4),OR(G4>Rubric!$C$4,G4<0)),AND(ISNUMBER(H4),OR(H4>Rubric!$C$5,H4<0)),AND(ISNUMBER(I4),OR(I4>Rubric!$C$6,I4<0))),"above a maximum or below zero",IF(AND(E4="still stopped: presented from the executed notebook",ISNUMBER(I4),I4>=Rubric!$C$6),"full marks on the MVP criterion need a demo that ran",IF(AND(COUNT(F4:I4)>0,E4=""),"record the demo's outcome",IF(AND(COUNT(F4:I4)>0,D4=""),"record Friday's cold run","ok")))) | L4: =IF(E4="","record the demo's outcome",IF(E4="still stopped: presented from the executed notebook","the other 24 stand on the executed run; the MVP criterion cannot carry full marks",IF(E4="machine failed: demo waits for the reserve","run the demo in the room's reserve, then record its outcome",IF(E4="recovered within two minutes","the rule sets nothing for a recovery: the panel judges it within the MVP criterion","the live demo ran"))))
A5: G3 | B5: 2 | C5: A | J5: =IF(COUNT(F5:I5)<4,"incomplete",SUM(F5:I5)) | K5: =IF(OR(AND(ISNUMBER(F5),OR(F5>Rubric!$C$3,F5<0)),AND(ISNUMBER(G5),OR(G5>Rubric!$C$4,G5<0)),AND(ISNUMBER(H5),OR(H5>Rubric!$C$5,H5<0)),AND(ISNUMBER(I5),OR(I5>Rubric!$C$6,I5<0))),"above a maximum or below zero",IF(AND(E5="still stopped: presented from the executed notebook",ISNUMBER(I5),I5>=Rubric!$C$6),"full marks on the MVP criterion need a demo that ran",IF(AND(COUNT(F5:I5)>0,E5=""),"record the demo's outcome",IF(AND(COUNT(F5:I5)>0,D5=""),"record Friday's cold run","ok")))) | L5: =IF(E5="","record the demo's outcome",IF(E5="still stopped: presented from the executed notebook","the other 24 stand on the executed run; the MVP criterion cannot carry full marks",IF(E5="machine failed: demo waits for the reserve","run the demo in the room's reserve, then record its outcome",IF(E5="recovered within two minutes","the rule sets nothing for a recovery: the panel judges it within the MVP criterion","the live demo ran"))))
A6: G4 | B6: 2 | C6: A | J6: =IF(COUNT(F6:I6)<4,"incomplete",SUM(F6:I6)) | K6: =IF(OR(AND(ISNUMBER(F6),OR(F6>Rubric!$C$3,F6<0)),AND(ISNUMBER(G6),OR(G6>Rubric!$C$4,G6<0)),AND(ISNUMBER(H6),OR(H6>Rubric!$C$5,H6<0)),AND(ISNUMBER(I6),OR(I6>Rubric!$C$6,I6<0))),"above a maximum or below zero",IF(AND(E6="still stopped: presented from the executed notebook",ISNUMBER(I6),I6>=Rubric!$C$6),"full marks on the MVP criterion need a demo that ran",IF(AND(COUNT(F6:I6)>0,E6=""),"record the demo's outcome",IF(AND(COUNT(F6:I6)>0,D6=""),"record Friday's cold run","ok")))) | L6: =IF(E6="","record the demo's outcome",IF(E6="still stopped: presented from the executed notebook","the other 24 stand on the executed run; the MVP criterion cannot carry full marks",IF(E6="machine failed: demo waits for the reserve","run the demo in the room's reserve, then record its outcome",IF(E6="recovered within two minutes","the rule sets nothing for a recovery: the panel judges it within the MVP criterion","the live demo ran"))))
A7: G5 | B7: 3 | C7: A | J7: =IF(COUNT(F7:I7)<4,"incomplete",SUM(F7:I7)) | K7: =IF(OR(AND(ISNUMBER(F7),OR(F7>Rubric!$C$3,F7<0)),AND(ISNUMBER(G7),OR(G7>Rubric!$C$4,G7<0)),AND(ISNUMBER(H7),OR(H7>Rubric!$C$5,H7<0)),AND(ISNUMBER(I7),OR(I7>Rubric!$C$6,I7<0))),"above a maximum or below zero",IF(AND(E7="still stopped: presented from the executed notebook",ISNUMBER(I7),I7>=Rubric!$C$6),"full marks on the MVP criterion need a demo that ran",IF(AND(COUNT(F7:I7)>0,E7=""),"record the demo's outcome",IF(AND(COUNT(F7:I7)>0,D7=""),"record Friday's cold run","ok")))) | L7: =IF(E7="","record the demo's outcome",IF(E7="still stopped: presented from the executed notebook","the other 24 stand on the executed run; the MVP criterion cannot carry full marks",IF(E7="machine failed: demo waits for the reserve","run the demo in the room's reserve, then record its outcome",IF(E7="recovered within two minutes","the rule sets nothing for a recovery: the panel judges it within the MVP criterion","the live demo ran"))))
A8: G6 | B8: 4 | C8: A | J8: =IF(COUNT(F8:I8)<4,"incomplete",SUM(F8:I8)) | K8: =IF(OR(AND(ISNUMBER(F8),OR(F8>Rubric!$C$3,F8<0)),AND(ISNUMBER(G8),OR(G8>Rubric!$C$4,G8<0)),AND(ISNUMBER(H8),OR(H8>Rubric!$C$5,H8<0)),AND(ISNUMBER(I8),OR(I8>Rubric!$C$6,I8<0))),"above a maximum or below zero",IF(AND(E8="still stopped: presented from the executed notebook",ISNUMBER(I8),I8>=Rubric!$C$6),"full marks on the MVP criterion need a demo that ran",IF(AND(COUNT(F8:I8)>0,E8=""),"record the demo's outcome",IF(AND(COUNT(F8:I8)>0,D8=""),"record Friday's cold run","ok")))) | L8: =IF(E8="","record the demo's outcome",IF(E8="still stopped: presented from the executed notebook","the other 24 stand on the executed run; the MVP criterion cannot carry full marks",IF(E8="machine failed: demo waits for the reserve","run the demo in the room's reserve, then record its outcome",IF(E8="recovered within two minutes","the rule sets nothing for a recovery: the panel judges it within the MVP criterion","the live demo ran"))))
A9: G7 | B9: 4 | C9: A | J9: =IF(COUNT(F9:I9)<4,"incomplete",SUM(F9:I9)) | K9: =IF(OR(AND(ISNUMBER(F9),OR(F9>Rubric!$C$3,F9<0)),AND(ISNUMBER(G9),OR(G9>Rubric!$C$4,G9<0)),AND(ISNUMBER(H9),OR(H9>Rubric!$C$5,H9<0)),AND(ISNUMBER(I9),OR(I9>Rubric!$C$6,I9<0))),"above a maximum or below zero",IF(AND(E9="still stopped: presented from the executed notebook",ISNUMBER(I9),I9>=Rubric!$C$6),"full marks on the MVP criterion need a demo that ran",IF(AND(COUNT(F9:I9)>0,E9=""),"record the demo's outcome",IF(AND(COUNT(F9:I9)>0,D9=""),"record Friday's cold run","ok")))) | L9: =IF(E9="","record the demo's outcome",IF(E9="still stopped: presented from the executed notebook","the other 24 stand on the executed run; the MVP criterion cannot carry full marks",IF(E9="machine failed: demo waits for the reserve","run the demo in the room's reserve, then record its outcome",IF(E9="recovered within two minutes","the rule sets nothing for a recovery: the panel judges it within the MVP criterion","the live demo ran"))))
A10: G8 | B10: 5 | C10: B | J10: =IF(COUNT(F10:I10)<4,"incomplete",SUM(F10:I10)) | K10: =IF(OR(AND(ISNUMBER(F10),OR(F10>Rubric!$C$3,F10<0)),AND(ISNUMBER(G10),OR(G10>Rubric!$C$4,G10<0)),AND(ISNUMBER(H10),OR(H10>Rubric!$C$5,H10<0)),AND(ISNUMBER(I10),OR(I10>Rubric!$C$6,I10<0))),"above a maximum or below zero",IF(AND(E10="still stopped: presented from the executed notebook",ISNUMBER(I10),I10>=Rubric!$C$6),"full marks on the MVP criterion need a demo that ran",IF(AND(COUNT(F10:I10)>0,E10=""),"record the demo's outcome",IF(AND(COUNT(F10:I10)>0,D10=""),"record Friday's cold run","ok")))) | L10: =IF(E10="","record the demo's outcome",IF(E10="still stopped: presented from the executed notebook","the other 24 stand on the executed run; the MVP criterion cannot carry full marks",IF(E10="machine failed: demo waits for the reserve","run the demo in the room's reserve, then record its outcome",IF(E10="recovered within two minutes","the rule sets nothing for a recovery: the panel judges it within the MVP criterion","the live demo ran"))))
A11: G9 | B11: 5 | C11: B | J11: =IF(COUNT(F11:I11)<4,"incomplete",SUM(F11:I11)) | K11: =IF(OR(AND(ISNUMBER(F11),OR(F11>Rubric!$C$3,F11<0)),AND(ISNUMBER(G11),OR(G11>Rubric!$C$4,G11<0)),AND(ISNUMBER(H11),OR(H11>Rubric!$C$5,H11<0)),AND(ISNUMBER(I11),OR(I11>Rubric!$C$6,I11<0))),"above a maximum or below zero",IF(AND(E11="still stopped: presented from the executed notebook",ISNUMBER(I11),I11>=Rubric!$C$6),"full marks on the MVP criterion need a demo that ran",IF(AND(COUNT(F11:I11)>0,E11=""),"record the demo's outcome",IF(AND(COUNT(F11:I11)>0,D11=""),"record Friday's cold run","ok")))) | L11: =IF(E11="","record the demo's outcome",IF(E11="still stopped: presented from the executed notebook","the other 24 stand on the executed run; the MVP criterion cannot carry full marks",IF(E11="machine failed: demo waits for the reserve","run the demo in the room's reserve, then record its outcome",IF(E11="recovered within two minutes","the rule sets nothing for a recovery: the panel judges it within the MVP criterion","the live demo ran"))))
A12: G10 | B12: 6 | C12: B | J12: =IF(COUNT(F12:I12)<4,"incomplete",SUM(F12:I12)) | K12: =IF(OR(AND(ISNUMBER(F12),OR(F12>Rubric!$C$3,F12<0)),AND(ISNUMBER(G12),OR(G12>Rubric!$C$4,G12<0)),AND(ISNUMBER(H12),OR(H12>Rubric!$C$5,H12<0)),AND(ISNUMBER(I12),OR(I12>Rubric!$C$6,I12<0))),"above a maximum or below zero",IF(AND(E12="still stopped: presented from the executed notebook",ISNUMBER(I12),I12>=Rubric!$C$6),"full marks on the MVP criterion need a demo that ran",IF(AND(COUNT(F12:I12)>0,E12=""),"record the demo's outcome",IF(AND(COUNT(F12:I12)>0,D12=""),"record Friday's cold run","ok")))) | L12: =IF(E12="","record the demo's outcome",IF(E12="still stopped: presented from the executed notebook","the other 24 stand on the executed run; the MVP criterion cannot carry full marks",IF(E12="machine failed: demo waits for the reserve","run the demo in the room's reserve, then record its outcome",IF(E12="recovered within two minutes","the rule sets nothing for a recovery: the panel judges it within the MVP criterion","the live demo ran"))))
A13: G11 | B13: 6 | C13: B | J13: =IF(COUNT(F13:I13)<4,"incomplete",SUM(F13:I13)) | K13: =IF(OR(AND(ISNUMBER(F13),OR(F13>Rubric!$C$3,F13<0)),AND(ISNUMBER(G13),OR(G13>Rubric!$C$4,G13<0)),AND(ISNUMBER(H13),OR(H13>Rubric!$C$5,H13<0)),AND(ISNUMBER(I13),OR(I13>Rubric!$C$6,I13<0))),"above a maximum or below zero",IF(AND(E13="still stopped: presented from the executed notebook",ISNUMBER(I13),I13>=Rubric!$C$6),"full marks on the MVP criterion need a demo that ran",IF(AND(COUNT(F13:I13)>0,E13=""),"record the demo's outcome",IF(AND(COUNT(F13:I13)>0,D13=""),"record Friday's cold run","ok")))) | L13: =IF(E13="","record the demo's outcome",IF(E13="still stopped: presented from the executed notebook","the other 24 stand on the executed run; the MVP criterion cannot carry full marks",IF(E13="machine failed: demo waits for the reserve","run the demo in the room's reserve, then record its outcome",IF(E13="recovered within two minutes","the rule sets nothing for a recovery: the panel judges it within the MVP criterion","the live demo ran"))))
A14: G12 | B14: 7 | C14: B | J14: =IF(COUNT(F14:I14)<4,"incomplete",SUM(F14:I14)) | K14: =IF(OR(AND(ISNUMBER(F14),OR(F14>Rubric!$C$3,F14<0)),AND(ISNUMBER(G14),OR(G14>Rubric!$C$4,G14<0)),AND(ISNUMBER(H14),OR(H14>Rubric!$C$5,H14<0)),AND(ISNUMBER(I14),OR(I14>Rubric!$C$6,I14<0))),"above a maximum or below zero",IF(AND(E14="still stopped: presented from the executed notebook",ISNUMBER(I14),I14>=Rubric!$C$6),"full marks on the MVP criterion need a demo that ran",IF(AND(COUNT(F14:I14)>0,E14=""),"record the demo's outcome",IF(AND(COUNT(F14:I14)>0,D14=""),"record Friday's cold run","ok")))) | L14: =IF(E14="","record the demo's outcome",IF(E14="still stopped: presented from the executed notebook","the other 24 stand on the executed run; the MVP criterion cannot carry full marks",IF(E14="machine failed: demo waits for the reserve","run the demo in the room's reserve, then record its outcome",IF(E14="recovered within two minutes","the rule sets nothing for a recovery: the panel judges it within the MVP criterion","the live demo ran"))))
A15: G13 | B15: 8 | C15: B | J15: =IF(COUNT(F15:I15)<4,"incomplete",SUM(F15:I15)) | K15: =IF(OR(AND(ISNUMBER(F15),OR(F15>Rubric!$C$3,F15<0)),AND(ISNUMBER(G15),OR(G15>Rubric!$C$4,G15<0)),AND(ISNUMBER(H15),OR(H15>Rubric!$C$5,H15<0)),AND(ISNUMBER(I15),OR(I15>Rubric!$C$6,I15<0))),"above a maximum or below zero",IF(AND(E15="still stopped: presented from the executed notebook",ISNUMBER(I15),I15>=Rubric!$C$6),"full marks on the MVP criterion need a demo that ran",IF(AND(COUNT(F15:I15)>0,E15=""),"record the demo's outcome",IF(AND(COUNT(F15:I15)>0,D15=""),"record Friday's cold run","ok")))) | L15: =IF(E15="","record the demo's outcome",IF(E15="still stopped: presented from the executed notebook","the other 24 stand on the executed run; the MVP criterion cannot carry full marks",IF(E15="machine failed: demo waits for the reserve","run the demo in the room's reserve, then record its outcome",IF(E15="recovered within two minutes","the rule sets nothing for a recovery: the panel judges it within the MVP criterion","the live demo ran"))))

Sheet Seats
A1: Seats: 39 seats, three per group, never a name
A2: Group | B2: Seat | C2: In use (Y or N) | D2: Card | E2: GD room | F2: Saturday room
A3: G1 | B3: 1 | C3: Y | D3: 1 | E3: 1 | F3: A
A4: G1 | B4: 2 | C4: Y | D4: 1 | E4: 1 | F4: A
A5: G1 | B5: 3 | C5: Y | D5: 1 | E5: 1 | F5: A
A6: G2 | B6: 1 | C6: Y | D6: 1 | E6: 1 | F6: A
A7: G2 | B7: 2 | C7: Y | D7: 1 | E7: 1 | F7: A
A8: G2 | B8: 3 | C8: Y | D8: 1 | E8: 1 | F8: A
A9: G3 | B9: 1 | C9: Y | D9: 2 | E9: 1 | F9: A
A10: G3 | B10: 2 | C10: Y | D10: 2 | E10: 1 | F10: A
A11: G3 | B11: 3 | C11: Y | D11: 2 | E11: 1 | F11: A
A12: G4 | B12: 1 | C12: Y | D12: 2 | E12: 1 | F12: A
A13: G4 | B13: 2 | C13: Y | D13: 2 | E13: 1 | F13: A
A14: G4 | B14: 3 | C14: Y | D14: 2 | E14: 1 | F14: A
... A41: G13 | B41: 3 | C41: Y | D41: 8 | E41: 2 | F41: B

Sheet Mock R2
A1: Mock R2: the viva inside Thursday's gate and the written sheet, per learner (PROPOSED)
A2: Group | B2: Seat | C2: Passport at the gate | D2: Friday retake | E2: The translation, with one decision defended by evidence (of 6) | F2: Defending a caveat under challenge (of 6) | G2: What they would do differently (of 3) | H2: Viva (of 15) | I2: A. One correct option (of 6) | J2: B. More than one correct (of 3) | K2: C. Applied maths (of 6) | L2: Written (of 15) | M2: Mock R2 (of 30) | N2: Check
A3: =Seats!A3 | B3: =Seats!B3 | H3: =IF(COUNT(E3:G3)<3,"incomplete",SUM(E3:G3)) | L3: =IF(COUNT(I3:K3)<3,"incomplete",SUM(I3:K3)) | M3: =IF(Seats!C3="N","absent",IF(AND(ISNUMBER(H3),ISNUMBER(L3)),H3+L3,"incomplete")) | N3: =IF(OR(AND(ISNUMBER(E3),OR(E3>Rubric!$C$8,E3<0)),AND(ISNUMBER(F3),OR(F3>Rubric!$C$9,F3<0)),AND(ISNUMBER(G3),OR(G3>Rubric!$C$10,G3<0)),AND(ISNUMBER(I3),OR(I3>Rubric!$C$11,I3<0)),AND(ISNUMBER(J3),OR(J3>Rubric!$C$12,J3<0)),AND(ISNUMBER(K3),OR(K3>Rubric!$C$13,K3<0))),"above a maximum or below zero",IF(AND(ISNUMBER(J3),MOD(J3,1.5)<>0),"part B scores 0, 1.5 or 3",IF(AND(C3="not yet",D3=""),"book a Friday retake","ok")))
A4: =Seats!A4 | B4: =Seats!B4 | H4: =IF(COUNT(E4:G4)<3,"incomplete",SUM(E4:G4)) | L4: =IF(COUNT(I4:K4)<3,"incomplete",SUM(I4:K4)) | M4: =IF(Seats!C4="N","absent",IF(AND(ISNUMBER(H4),ISNUMBER(L4)),H4+L4,"incomplete")) | N4: =IF(OR(AND(ISNUMBER(E4),OR(E4>Rubric!$C$8,E4<0)),AND(ISNUMBER(F4),OR(F4>Rubric!$C$9,F4<0)),AND(ISNUMBER(G4),OR(G4>Rubric!$C$10,G4<0)),AND(ISNUMBER(I4),OR(I4>Rubric!$C$11,I4<0)),AND(ISNUMBER(J4),OR(J4>Rubric!$C$12,J4<0)),AND(ISNUMBER(K4),OR(K4>Rubric!$C$13,K4<0))),"above a maximum or below zero",IF(AND(ISNUMBER(J4),MOD(J4,1.5)<>0),"part B scores 0, 1.5 or 3",IF(AND(C4="not yet",D4=""),"book a Friday retake","ok")))
A5: =Seats!A5 | B5: =Seats!B5 | H5: =IF(COUNT(E5:G5)<3,"incomplete",SUM(E5:G5)) | L5: =IF(COUNT(I5:K5)<3,"incomplete",SUM(I5:K5)) | M5: =IF(Seats!C5="N","absent",IF(AND(ISNUMBER(H5),ISNUMBER(L5)),H5+L5,"incomplete")) | N5: =IF(OR(AND(ISNUMBER(E5),OR(E5>Rubric!$C$8,E5<0)),AND(ISNUMBER(F5),OR(F5>Rubric!$C$9,F5<0)),AND(ISNUMBER(G5),OR(G5>Rubric!$C$10,G5<0)),AND(ISNUMBER(I5),OR(I5>Rubric!$C$11,I5<0)),AND(ISNUMBER(J5),OR(J5>Rubric!$C$12,J5<0)),AND(ISNUMBER(K5),OR(K5>Rubric!$C$13,K5<0))),"above a maximum or below zero",IF(AND(ISNUMBER(J5),MOD(J5,1.5)<>0),"part B scores 0, 1.5 or 3",IF(AND(C5="not yet",D5=""),"book a Friday retake","ok")))
A6: =Seats!A6 | B6: =Seats!B6 | H6: =IF(COUNT(E6:G6)<3,"incomplete",SUM(E6:G6)) | L6: =IF(COUNT(I6:K6)<3,"incomplete",SUM(I6:K6)) | M6: =IF(Seats!C6="N","absent",IF(AND(ISNUMBER(H6),ISNUMBER(L6)),H6+L6,"incomplete")) | N6: =IF(OR(AND(ISNUMBER(E6),OR(E6>Rubric!$C$8,E6<0)),AND(ISNUMBER(F6),OR(F6>Rubric!$C$9,F6<0)),AND(ISNUMBER(G6),OR(G6>Rubric!$C$10,G6<0)),AND(ISNUMBER(I6),OR(I6>Rubric!$C$11,I6<0)),AND(ISNUMBER(J6),OR(J6>Rubric!$C$12,J6<0)),AND(ISNUMBER(K6),OR(K6>Rubric!$C$13,K6<0))),"above a maximum or below zero",IF(AND(ISNUMBER(J6),MOD(J6,1.5)<>0),"part B scores 0, 1.5 or 3",IF(AND(C6="not yet",D6=""),"book a Friday retake","ok")))
A7: =Seats!A7 | B7: =Seats!B7 | H7: =IF(COUNT(E7:G7)<3,"incomplete",SUM(E7:G7)) | L7: =IF(COUNT(I7:K7)<3,"incomplete",SUM(I7:K7)) | M7: =IF(Seats!C7="N","absent",IF(AND(ISNUMBER(H7),ISNUMBER(L7)),H7+L7,"incomplete")) | N7: =IF(OR(AND(ISNUMBER(E7),OR(E7>Rubric!$C$8,E7<0)),AND(ISNUMBER(F7),OR(F7>Rubric!$C$9,F7<0)),AND(ISNUMBER(G7),OR(G7>Rubric!$C$10,G7<0)),AND(ISNUMBER(I7),OR(I7>Rubric!$C$11,I7<0)),AND(ISNUMBER(J7),OR(J7>Rubric!$C$12,J7<0)),AND(ISNUMBER(K7),OR(K7>Rubric!$C$13,K7<0))),"above a maximum or below zero",IF(AND(ISNUMBER(J7),MOD(J7,1.5)<>0),"part B scores 0, 1.5 or 3",IF(AND(C7="not yet",D7=""),"book a Friday retake","ok")))
A8: =Seats!A8 | B8: =Seats!B8 | H8: =IF(COUNT(E8:G8)<3,"incomplete",SUM(E8:G8)) | L8: =IF(COUNT(I8:K8)<3,"incomplete",SUM(I8:K8)) | M8: =IF(Seats!C8="N","absent",IF(AND(ISNUMBER(H8),ISNUMBER(L8)),H8+L8,"incomplete")) | N8: =IF(OR(AND(ISNUMBER(E8),OR(E8>Rubric!$C$8,E8<0)),AND(ISNUMBER(F8),OR(F8>Rubric!$C$9,F8<0)),AND(ISNUMBER(G8),OR(G8>Rubric!$C$10,G8<0)),AND(ISNUMBER(I8),OR(I8>Rubric!$C$11,I8<0)),AND(ISNUMBER(J8),OR(J8>Rubric!$C$12,J8<0)),AND(ISNUMBER(K8),OR(K8>Rubric!$C$13,K8<0))),"above a maximum or below zero",IF(AND(ISNUMBER(J8),MOD(J8,1.5)<>0),"part B scores 0, 1.5 or 3",IF(AND(C8="not yet",D8=""),"book a Friday retake","ok")))
A9: =Seats!A9 | B9: =Seats!B9 | H9: =IF(COUNT(E9:G9)<3,"incomplete",SUM(E9:G9)) | L9: =IF(COUNT(I9:K9)<3,"incomplete",SUM(I9:K9)) | M9: =IF(Seats!C9="N","absent",IF(AND(ISNUMBER(H9),ISNUMBER(L9)),H9+L9,"incomplete")) | N9: =IF(OR(AND(ISNUMBER(E9),OR(E9>Rubric!$C$8,E9<0)),AND(ISNUMBER(F9),OR(F9>Rubric!$C$9,F9<0)),AND(ISNUMBER(G9),OR(G9>Rubric!$C$10,G9<0)),AND(ISNUMBER(I9),OR(I9>Rubric!$C$11,I9<0)),AND(ISNUMBER(J9),OR(J9>Rubric!$C$12,J9<0)),AND(ISNUMBER(K9),OR(K9>Rubric!$C$13,K9<0))),"above a maximum or below zero",IF(AND(ISNUMBER(J9),MOD(J9,1.5)<>0),"part B scores 0, 1.5 or 3",IF(AND(C9="not yet",D9=""),"book a Friday retake","ok")))
A10: =Seats!A10 | B10: =Seats!B10 | H10: =IF(COUNT(E10:G10)<3,"incomplete",SUM(E10:G10)) | L10: =IF(COUNT(I10:K10)<3,"incomplete",SUM(I10:K10)) | M10: =IF(Seats!C10="N","absent",IF(AND(ISNUMBER(H10),ISNUMBER(L10)),H10+L10,"incomplete")) | N10: =IF(OR(AND(ISNUMBER(E10),OR(E10>Rubric!$C$8,E10<0)),AND(ISNUMBER(F10),OR(F10>Rubric!$C$9,F10<0)),AND(ISNUMBER(G10),OR(G10>Rubric!$C$10,G10<0)),AND(ISNUMBER(I10),OR(I10>Rubric!$C$11,I10<0)),AND(ISNUMBER(J10),OR(J10>Rubric!$C$12,J10<0)),AND(ISNUMBER(K10),OR(K10>Rubric!$C$13,K10<0))),"above a maximum or below zero",IF(AND(ISNUMBER(J10),MOD(J10,1.5)<>0),"part B scores 0, 1.5 or 3",IF(AND(C10="not yet",D10=""),"book a Friday retake","ok")))
A11: =Seats!A11 | B11: =Seats!B11 | H11: =IF(COUNT(E11:G11)<3,"incomplete",SUM(E11:G11)) | L11: =IF(COUNT(I11:K11)<3,"incomplete",SUM(I11:K11)) | M11: =IF(Seats!C11="N","absent",IF(AND(ISNUMBER(H11),ISNUMBER(L11)),H11+L11,"incomplete")) | N11: =IF(OR(AND(ISNUMBER(E11),OR(E11>Rubric!$C$8,E11<0)),AND(ISNUMBER(F11),OR(F11>Rubric!$C$9,F11<0)),AND(ISNUMBER(G11),OR(G11>Rubric!$C$10,G11<0)),AND(ISNUMBER(I11),OR(I11>Rubric!$C$11,I11<0)),AND(ISNUMBER(J11),OR(J11>Rubric!$C$12,J11<0)),AND(ISNUMBER(K11),OR(K11>Rubric!$C$13,K11<0))),"above a maximum or below zero",IF(AND(ISNUMBER(J11),MOD(J11,1.5)<>0),"part B scores 0, 1.5 or 3",IF(AND(C11="not yet",D11=""),"book a Friday retake","ok")))
A12: =Seats!A12 | B12: =Seats!B12 | H12: =IF(COUNT(E12:G12)<3,"incomplete",SUM(E12:G12)) | L12: =IF(COUNT(I12:K12)<3,"incomplete",SUM(I12:K12)) | M12: =IF(Seats!C12="N","absent",IF(AND(ISNUMBER(H12),ISNUMBER(L12)),H12+L12,"incomplete")) | N12: =IF(OR(AND(ISNUMBER(E12),OR(E12>Rubric!$C$8,E12<0)),AND(ISNUMBER(F12),OR(F12>Rubric!$C$9,F12<0)),AND(ISNUMBER(G12),OR(G12>Rubric!$C$10,G12<0)),AND(ISNUMBER(I12),OR(I12>Rubric!$C$11,I12<0)),AND(ISNUMBER(J12),OR(J12>Rubric!$C$12,J12<0)),AND(ISNUMBER(K12),OR(K12>Rubric!$C$13,K12<0))),"above a maximum or below zero",IF(AND(ISNUMBER(J12),MOD(J12,1.5)<>0),"part B scores 0, 1.5 or 3",IF(AND(C12="not yet",D12=""),"book a Friday retake","ok")))
A13: =Seats!A13 | B13: =Seats!B13 | H13: =IF(COUNT(E13:G13)<3,"incomplete",SUM(E13:G13)) | L13: =IF(COUNT(I13:K13)<3,"incomplete",SUM(I13:K13)) | M13: =IF(Seats!C13="N","absent",IF(AND(ISNUMBER(H13),ISNUMBER(L13)),H13+L13,"incomplete")) | N13: =IF(OR(AND(ISNUMBER(E13),OR(E13>Rubric!$C$8,E13<0)),AND(ISNUMBER(F13),OR(F13>Rubric!$C$9,F13<0)),AND(ISNUMBER(G13),OR(G13>Rubric!$C$10,G13<0)),AND(ISNUMBER(I13),OR(I13>Rubric!$C$11,I13<0)),AND(ISNUMBER(J13),OR(J13>Rubric!$C$12,J13<0)),AND(ISNUMBER(K13),OR(K13>Rubric!$C$13,K13<0))),"above a maximum or below zero",IF(AND(ISNUMBER(J13),MOD(J13,1.5)<>0),"part B scores 0, 1.5 or 3",IF(AND(C13="not yet",D13=""),"book a Friday retake","ok")))
A14: =Seats!A14 | B14: =Seats!B14 | H14: =IF(COUNT(E14:G14)<3,"incomplete",SUM(E14:G14)) | L14: =IF(COUNT(I14:K14)<3,"incomplete",SUM(I14:K14)) | M14: =IF(Seats!C14="N","absent",IF(AND(ISNUMBER(H14),ISNUMBER(L14)),H14+L14,"incomplete")) | N14: =IF(OR(AND(ISNUMBER(E14),OR(E14>Rubric!$C$8,E14<0)),AND(ISNUMBER(F14),OR(F14>Rubric!$C$9,F14<0)),AND(ISNUMBER(G14),OR(G14>Rubric!$C$10,G14<0)),AND(ISNUMBER(I14),OR(I14>Rubric!$C$11,I14<0)),AND(ISNUMBER(J14),OR(J14>Rubric!$C$12,J14<0)),AND(ISNUMBER(K14),OR(K14>Rubric!$C$13,K14<0))),"above a maximum or below zero",IF(AND(ISNUMBER(J14),MOD(J14,1.5)<>0),"part B scores 0, 1.5 or 3",IF(AND(C14="not yet",D14=""),"book a Friday retake","ok")))
... A41: =Seats!A41 | B41: =Seats!B41 | H41: =IF(COUNT(E41:G41)<3,"incomplete",SUM(E41:G41)) | L41: =IF(COUNT(I41:K41)<3,"incomplete",SUM(I41:K41)) | M41: =IF(Seats!C41="N","absent",IF(AND(ISNUMBER(H41),ISNUMBER(L41)),H41+L41,"incomplete")) | N41: =IF(OR(AND(ISNUMBER(E41),OR(E41>Rubric!$C$8,E41<0)),AND(ISNUMBER(F41),OR(F41>Rubric!$C$9,F41<0)),AND(ISNUMBER(G41),OR(G41>Rubric!$C$10,G41<0)),AND(ISNUMBER(I41),OR(I41>Rubric!$C$11,I41<0)),AND(ISNUMBER(J41),OR(J41>Rubric!$C$12,J41<0)),AND(ISNUMBER(K41),OR(K41>Rubric!$C$13,K41<0))),"above a maximum or below zero",IF(AND(ISNUMBER(J41),MOD(J41,1.5)<>0),"part B scores 0, 1.5 or 3",IF(AND(C41="not yet",D41=""),"book a Friday retake","ok")))

Sheet GD
A1: GD: four criteria per learner, Build 1's approved rubric proposed for Build 2
A2: Group | B2: Seat | C2: GD room | D2: Structures the problem (of 8) | E2: Uses evidence (of 8) | F2: Engages (of 8) | G2: Lands a conclusion (of 6) | H2: GD (of 30) | I2: Check
A3: =Seats!A3 | B3: =Seats!B3 | C3: =Seats!E3 | H3: =IF(Seats!C3="N","absent",IF(COUNT(D3:G3)<4,"incomplete",SUM(D3:G3))) | I3: =IF(OR(AND(ISNUMBER(D3),OR(D3>Rubric!$C$14,D3<0)),AND(ISNUMBER(E3),OR(E3>Rubric!$C$15,E3<0)),AND(ISNUMBER(F3),OR(F3>Rubric!$C$16,F3<0)),AND(ISNUMBER(G3),OR(G3>Rubric!$C$17,G3<0))),"above a maximum or below zero","ok")
A4: =Seats!A4 | B4: =Seats!B4 | C4: =Seats!E4 | H4: =IF(Seats!C4="N","absent",IF(COUNT(D4:G4)<4,"incomplete",SUM(D4:G4))) | I4: =IF(OR(AND(ISNUMBER(D4),OR(D4>Rubric!$C$14,D4<0)),AND(ISNUMBER(E4),OR(E4>Rubric!$C$15,E4<0)),AND(ISNUMBER(F4),OR(F4>Rubric!$C$16,F4<0)),AND(ISNUMBER(G4),OR(G4>Rubric!$C$17,G4<0))),"above a maximum or below zero","ok")
A5: =Seats!A5 | B5: =Seats!B5 | C5: =Seats!E5 | H5: =IF(Seats!C5="N","absent",IF(COUNT(D5:G5)<4,"incomplete",SUM(D5:G5))) | I5: =IF(OR(AND(ISNUMBER(D5),OR(D5>Rubric!$C$14,D5<0)),AND(ISNUMBER(E5),OR(E5>Rubric!$C$15,E5<0)),AND(ISNUMBER(F5),OR(F5>Rubric!$C$16,F5<0)),AND(ISNUMBER(G5),OR(G5>Rubric!$C$17,G5<0))),"above a maximum or below zero","ok")
A6: =Seats!A6 | B6: =Seats!B6 | C6: =Seats!E6 | H6: =IF(Seats!C6="N","absent",IF(COUNT(D6:G6)<4,"incomplete",SUM(D6:G6))) | I6: =IF(OR(AND(ISNUMBER(D6),OR(D6>Rubric!$C$14,D6<0)),AND(ISNUMBER(E6),OR(E6>Rubric!$C$15,E6<0)),AND(ISNUMBER(F6),OR(F6>Rubric!$C$16,F6<0)),AND(ISNUMBER(G6),OR(G6>Rubric!$C$17,G6<0))),"above a maximum or below zero","ok")
A7: =Seats!A7 | B7: =Seats!B7 | C7: =Seats!E7 | H7: =IF(Seats!C7="N","absent",IF(COUNT(D7:G7)<4,"incomplete",SUM(D7:G7))) | I7: =IF(OR(AND(ISNUMBER(D7),OR(D7>Rubric!$C$14,D7<0)),AND(ISNUMBER(E7),OR(E7>Rubric!$C$15,E7<0)),AND(ISNUMBER(F7),OR(F7>Rubric!$C$16,F7<0)),AND(ISNUMBER(G7),OR(G7>Rubric!$C$17,G7<0))),"above a maximum or below zero","ok")
A8: =Seats!A8 | B8: =Seats!B8 | C8: =Seats!E8 | H8: =IF(Seats!C8="N","absent",IF(COUNT(D8:G8)<4,"incomplete",SUM(D8:G8))) | I8: =IF(OR(AND(ISNUMBER(D8),OR(D8>Rubric!$C$14,D8<0)),AND(ISNUMBER(E8),OR(E8>Rubric!$C$15,E8<0)),AND(ISNUMBER(F8),OR(F8>Rubric!$C$16,F8<0)),AND(ISNUMBER(G8),OR(G8>Rubric!$C$17,G8<0))),"above a maximum or below zero","ok")
A9: =Seats!A9 | B9: =Seats!B9 | C9: =Seats!E9 | H9: =IF(Seats!C9="N","absent",IF(COUNT(D9:G9)<4,"incomplete",SUM(D9:G9))) | I9: =IF(OR(AND(ISNUMBER(D9),OR(D9>Rubric!$C$14,D9<0)),AND(ISNUMBER(E9),OR(E9>Rubric!$C$15,E9<0)),AND(ISNUMBER(F9),OR(F9>Rubric!$C$16,F9<0)),AND(ISNUMBER(G9),OR(G9>Rubric!$C$17,G9<0))),"above a maximum or below zero","ok")
A10: =Seats!A10 | B10: =Seats!B10 | C10: =Seats!E10 | H10: =IF(Seats!C10="N","absent",IF(COUNT(D10:G10)<4,"incomplete",SUM(D10:G10))) | I10: =IF(OR(AND(ISNUMBER(D10),OR(D10>Rubric!$C$14,D10<0)),AND(ISNUMBER(E10),OR(E10>Rubric!$C$15,E10<0)),AND(ISNUMBER(F10),OR(F10>Rubric!$C$16,F10<0)),AND(ISNUMBER(G10),OR(G10>Rubric!$C$17,G10<0))),"above a maximum or below zero","ok")
A11: =Seats!A11 | B11: =Seats!B11 | C11: =Seats!E11 | H11: =IF(Seats!C11="N","absent",IF(COUNT(D11:G11)<4,"incomplete",SUM(D11:G11))) | I11: =IF(OR(AND(ISNUMBER(D11),OR(D11>Rubric!$C$14,D11<0)),AND(ISNUMBER(E11),OR(E11>Rubric!$C$15,E11<0)),AND(ISNUMBER(F11),OR(F11>Rubric!$C$16,F11<0)),AND(ISNUMBER(G11),OR(G11>Rubric!$C$17,G11<0))),"above a maximum or below zero","ok")
A12: =Seats!A12 | B12: =Seats!B12 | C12: =Seats!E12 | H12: =IF(Seats!C12="N","absent",IF(COUNT(D12:G12)<4,"incomplete",SUM(D12:G12))) | I12: =IF(OR(AND(ISNUMBER(D12),OR(D12>Rubric!$C$14,D12<0)),AND(ISNUMBER(E12),OR(E12>Rubric!$C$15,E12<0)),AND(ISNUMBER(F12),OR(F12>Rubric!$C$16,F12<0)),AND(ISNUMBER(G12),OR(G12>Rubric!$C$17,G12<0))),"above a maximum or below zero","ok")
A13: =Seats!A13 | B13: =Seats!B13 | C13: =Seats!E13 | H13: =IF(Seats!C13="N","absent",IF(COUNT(D13:G13)<4,"incomplete",SUM(D13:G13))) | I13: =IF(OR(AND(ISNUMBER(D13),OR(D13>Rubric!$C$14,D13<0)),AND(ISNUMBER(E13),OR(E13>Rubric!$C$15,E13<0)),AND(ISNUMBER(F13),OR(F13>Rubric!$C$16,F13<0)),AND(ISNUMBER(G13),OR(G13>Rubric!$C$17,G13<0))),"above a maximum or below zero","ok")
A14: =Seats!A14 | B14: =Seats!B14 | C14: =Seats!E14 | H14: =IF(Seats!C14="N","absent",IF(COUNT(D14:G14)<4,"incomplete",SUM(D14:G14))) | I14: =IF(OR(AND(ISNUMBER(D14),OR(D14>Rubric!$C$14,D14<0)),AND(ISNUMBER(E14),OR(E14>Rubric!$C$15,E14<0)),AND(ISNUMBER(F14),OR(F14>Rubric!$C$16,F14<0)),AND(ISNUMBER(G14),OR(G14>Rubric!$C$17,G14<0))),"above a maximum or below zero","ok")
... A41: =Seats!A41 | B41: =Seats!B41 | C41: =Seats!E41 | H41: =IF(Seats!C41="N","absent",IF(COUNT(D41:G41)<4,"incomplete",SUM(D41:G41))) | I41: =IF(OR(AND(ISNUMBER(D41),OR(D41>Rubric!$C$14,D41<0)),AND(ISNUMBER(E41),OR(E41>Rubric!$C$15,E41<0)),AND(ISNUMBER(F41),OR(F41>Rubric!$C$16,F41<0)),AND(ISNUMBER(G41),OR(G41>Rubric!$C$17,G41<0))),"above a maximum or below zero","ok")

Sheet Mini project
A1: Mini project: passport and defence per learner, and each learner's 40 (PROPOSED)
A2: Group | B2: Seat | C2: Passport and defence (of 8) | D2: Saturday demo | E2: Group part (of 32) | F2: Mini project (of 40) | G2: Check
A3: =Seats!A3 | B3: =Seats!B3 | D3: =IF(INDEX(Groups!$E$3:$E$15,MATCH(A3,Groups!$A$3:$A$15,0))="","",INDEX(Groups!$E$3:$E$15,MATCH(A3,Groups!$A$3:$A$15,0))) | E3: =INDEX(Groups!$J$3:$J$15,MATCH(A3,Groups!$A$3:$A$15,0)) | F3: =IF(Seats!C3="N","absent",IF(OR(NOT(ISNUMBER(C3)),NOT(ISNUMBER(E3))),"incomplete",C3+E3)) | G3: =IF(AND(ISNUMBER(C3),OR(C3>Rubric!$C$7,C3<0)),"above a maximum or below zero",IF(AND(ISNUMBER(C3),D3="machine failed: demo waits for the reserve"),"score after the demo runs in the reserve","ok"))
A4: =Seats!A4 | B4: =Seats!B4 | D4: =IF(INDEX(Groups!$E$3:$E$15,MATCH(A4,Groups!$A$3:$A$15,0))="","",INDEX(Groups!$E$3:$E$15,MATCH(A4,Groups!$A$3:$A$15,0))) | E4: =INDEX(Groups!$J$3:$J$15,MATCH(A4,Groups!$A$3:$A$15,0)) | F4: =IF(Seats!C4="N","absent",IF(OR(NOT(ISNUMBER(C4)),NOT(ISNUMBER(E4))),"incomplete",C4+E4)) | G4: =IF(AND(ISNUMBER(C4),OR(C4>Rubric!$C$7,C4<0)),"above a maximum or below zero",IF(AND(ISNUMBER(C4),D4="machine failed: demo waits for the reserve"),"score after the demo runs in the reserve","ok"))
A5: =Seats!A5 | B5: =Seats!B5 | D5: =IF(INDEX(Groups!$E$3:$E$15,MATCH(A5,Groups!$A$3:$A$15,0))="","",INDEX(Groups!$E$3:$E$15,MATCH(A5,Groups!$A$3:$A$15,0))) | E5: =INDEX(Groups!$J$3:$J$15,MATCH(A5,Groups!$A$3:$A$15,0)) | F5: =IF(Seats!C5="N","absent",IF(OR(NOT(ISNUMBER(C5)),NOT(ISNUMBER(E5))),"incomplete",C5+E5)) | G5: =IF(AND(ISNUMBER(C5),OR(C5>Rubric!$C$7,C5<0)),"above a maximum or below zero",IF(AND(ISNUMBER(C5),D5="machine failed: demo waits for the reserve"),"score after the demo runs in the reserve","ok"))
A6: =Seats!A6 | B6: =Seats!B6 | D6: =IF(INDEX(Groups!$E$3:$E$15,MATCH(A6,Groups!$A$3:$A$15,0))="","",INDEX(Groups!$E$3:$E$15,MATCH(A6,Groups!$A$3:$A$15,0))) | E6: =INDEX(Groups!$J$3:$J$15,MATCH(A6,Groups!$A$3:$A$15,0)) | F6: =IF(Seats!C6="N","absent",IF(OR(NOT(ISNUMBER(C6)),NOT(ISNUMBER(E6))),"incomplete",C6+E6)) | G6: =IF(AND(ISNUMBER(C6),OR(C6>Rubric!$C$7,C6<0)),"above a maximum or below zero",IF(AND(ISNUMBER(C6),D6="machine failed: demo waits for the reserve"),"score after the demo runs in the reserve","ok"))
A7: =Seats!A7 | B7: =Seats!B7 | D7: =IF(INDEX(Groups!$E$3:$E$15,MATCH(A7,Groups!$A$3:$A$15,0))="","",INDEX(Groups!$E$3:$E$15,MATCH(A7,Groups!$A$3:$A$15,0))) | E7: =INDEX(Groups!$J$3:$J$15,MATCH(A7,Groups!$A$3:$A$15,0)) | F7: =IF(Seats!C7="N","absent",IF(OR(NOT(ISNUMBER(C7)),NOT(ISNUMBER(E7))),"incomplete",C7+E7)) | G7: =IF(AND(ISNUMBER(C7),OR(C7>Rubric!$C$7,C7<0)),"above a maximum or below zero",IF(AND(ISNUMBER(C7),D7="machine failed: demo waits for the reserve"),"score after the demo runs in the reserve","ok"))
A8: =Seats!A8 | B8: =Seats!B8 | D8: =IF(INDEX(Groups!$E$3:$E$15,MATCH(A8,Groups!$A$3:$A$15,0))="","",INDEX(Groups!$E$3:$E$15,MATCH(A8,Groups!$A$3:$A$15,0))) | E8: =INDEX(Groups!$J$3:$J$15,MATCH(A8,Groups!$A$3:$A$15,0)) | F8: =IF(Seats!C8="N","absent",IF(OR(NOT(ISNUMBER(C8)),NOT(ISNUMBER(E8))),"incomplete",C8+E8)) | G8: =IF(AND(ISNUMBER(C8),OR(C8>Rubric!$C$7,C8<0)),"above a maximum or below zero",IF(AND(ISNUMBER(C8),D8="machine failed: demo waits for the reserve"),"score after the demo runs in the reserve","ok"))
A9: =Seats!A9 | B9: =Seats!B9 | D9: =IF(INDEX(Groups!$E$3:$E$15,MATCH(A9,Groups!$A$3:$A$15,0))="","",INDEX(Groups!$E$3:$E$15,MATCH(A9,Groups!$A$3:$A$15,0))) | E9: =INDEX(Groups!$J$3:$J$15,MATCH(A9,Groups!$A$3:$A$15,0)) | F9: =IF(Seats!C9="N","absent",IF(OR(NOT(ISNUMBER(C9)),NOT(ISNUMBER(E9))),"incomplete",C9+E9)) | G9: =IF(AND(ISNUMBER(C9),OR(C9>Rubric!$C$7,C9<0)),"above a maximum or below zero",IF(AND(ISNUMBER(C9),D9="machine failed: demo waits for the reserve"),"score after the demo runs in the reserve","ok"))
A10: =Seats!A10 | B10: =Seats!B10 | D10: =IF(INDEX(Groups!$E$3:$E$15,MATCH(A10,Groups!$A$3:$A$15,0))="","",INDEX(Groups!$E$3:$E$15,MATCH(A10,Groups!$A$3:$A$15,0))) | E10: =INDEX(Groups!$J$3:$J$15,MATCH(A10,Groups!$A$3:$A$15,0)) | F10: =IF(Seats!C10="N","absent",IF(OR(NOT(ISNUMBER(C10)),NOT(ISNUMBER(E10))),"incomplete",C10+E10)) | G10: =IF(AND(ISNUMBER(C10),OR(C10>Rubric!$C$7,C10<0)),"above a maximum or below zero",IF(AND(ISNUMBER(C10),D10="machine failed: demo waits for the reserve"),"score after the demo runs in the reserve","ok"))
A11: =Seats!A11 | B11: =Seats!B11 | D11: =IF(INDEX(Groups!$E$3:$E$15,MATCH(A11,Groups!$A$3:$A$15,0))="","",INDEX(Groups!$E$3:$E$15,MATCH(A11,Groups!$A$3:$A$15,0))) | E11: =INDEX(Groups!$J$3:$J$15,MATCH(A11,Groups!$A$3:$A$15,0)) | F11: =IF(Seats!C11="N","absent",IF(OR(NOT(ISNUMBER(C11)),NOT(ISNUMBER(E11))),"incomplete",C11+E11)) | G11: =IF(AND(ISNUMBER(C11),OR(C11>Rubric!$C$7,C11<0)),"above a maximum or below zero",IF(AND(ISNUMBER(C11),D11="machine failed: demo waits for the reserve"),"score after the demo runs in the reserve","ok"))
A12: =Seats!A12 | B12: =Seats!B12 | D12: =IF(INDEX(Groups!$E$3:$E$15,MATCH(A12,Groups!$A$3:$A$15,0))="","",INDEX(Groups!$E$3:$E$15,MATCH(A12,Groups!$A$3:$A$15,0))) | E12: =INDEX(Groups!$J$3:$J$15,MATCH(A12,Groups!$A$3:$A$15,0)) | F12: =IF(Seats!C12="N","absent",IF(OR(NOT(ISNUMBER(C12)),NOT(ISNUMBER(E12))),"incomplete",C12+E12)) | G12: =IF(AND(ISNUMBER(C12),OR(C12>Rubric!$C$7,C12<0)),"above a maximum or below zero",IF(AND(ISNUMBER(C12),D12="machine failed: demo waits for the reserve"),"score after the demo runs in the reserve","ok"))
A13: =Seats!A13 | B13: =Seats!B13 | D13: =IF(INDEX(Groups!$E$3:$E$15,MATCH(A13,Groups!$A$3:$A$15,0))="","",INDEX(Groups!$E$3:$E$15,MATCH(A13,Groups!$A$3:$A$15,0))) | E13: =INDEX(Groups!$J$3:$J$15,MATCH(A13,Groups!$A$3:$A$15,0)) | F13: =IF(Seats!C13="N","absent",IF(OR(NOT(ISNUMBER(C13)),NOT(ISNUMBER(E13))),"incomplete",C13+E13)) | G13: =IF(AND(ISNUMBER(C13),OR(C13>Rubric!$C$7,C13<0)),"above a maximum or below zero",IF(AND(ISNUMBER(C13),D13="machine failed: demo waits for the reserve"),"score after the demo runs in the reserve","ok"))
A14: =Seats!A14 | B14: =Seats!B14 | D14: =IF(INDEX(Groups!$E$3:$E$15,MATCH(A14,Groups!$A$3:$A$15,0))="","",INDEX(Groups!$E$3:$E$15,MATCH(A14,Groups!$A$3:$A$15,0))) | E14: =INDEX(Groups!$J$3:$J$15,MATCH(A14,Groups!$A$3:$A$15,0)) | F14: =IF(Seats!C14="N","absent",IF(OR(NOT(ISNUMBER(C14)),NOT(ISNUMBER(E14))),"incomplete",C14+E14)) | G14: =IF(AND(ISNUMBER(C14),OR(C14>Rubric!$C$7,C14<0)),"above a maximum or below zero",IF(AND(ISNUMBER(C14),D14="machine failed: demo waits for the reserve"),"score after the demo runs in the reserve","ok"))
... A41: =Seats!A41 | B41: =Seats!B41 | D41: =IF(INDEX(Groups!$E$3:$E$15,MATCH(A41,Groups!$A$3:$A$15,0))="","",INDEX(Groups!$E$3:$E$15,MATCH(A41,Groups!$A$3:$A$15,0))) | E41: =INDEX(Groups!$J$3:$J$15,MATCH(A41,Groups!$A$3:$A$15,0)) | F41: =IF(Seats!C41="N","absent",IF(OR(NOT(ISNUMBER(C41)),NOT(ISNUMBER(E41))),"incomplete",C41+E41)) | G41: =IF(AND(ISNUMBER(C41),OR(C41>Rubric!$C$7,C41<0)),"above a maximum or below zero",IF(AND(ISNUMBER(C41),D41="machine failed: demo waits for the reserve"),"score after the demo runs in the reserve","ok"))

Sheet Closure
A1: Closure: each learner's three Build 2 events and the total of 100
A2: Group | B2: Seat | C2: In use | D2: Mini project (of 40) | E2: Mock R2 (of 30) | F2: GD (of 30) | G2: Build 2 (of 100) | H2: Status
A3: =Seats!A3 | B3: =Seats!B3 | C3: =Seats!C3 | D3: ='Mini project'!F3 | E3: ='Mock R2'!M3 | F3: =GD!H3 | G3: =IF(C3="N","absent",IF(COUNT(D3:F3)<3,"incomplete",SUM(D3:F3))) | H3: =IF(C3="N","absent: record the reason in the dated copy",IF(ISNUMBER(G3),"closed","still to score"))
A4: =Seats!A4 | B4: =Seats!B4 | C4: =Seats!C4 | D4: ='Mini project'!F4 | E4: ='Mock R2'!M4 | F4: =GD!H4 | G4: =IF(C4="N","absent",IF(COUNT(D4:F4)<3,"incomplete",SUM(D4:F4))) | H4: =IF(C4="N","absent: record the reason in the dated copy",IF(ISNUMBER(G4),"closed","still to score"))
A5: =Seats!A5 | B5: =Seats!B5 | C5: =Seats!C5 | D5: ='Mini project'!F5 | E5: ='Mock R2'!M5 | F5: =GD!H5 | G5: =IF(C5="N","absent",IF(COUNT(D5:F5)<3,"incomplete",SUM(D5:F5))) | H5: =IF(C5="N","absent: record the reason in the dated copy",IF(ISNUMBER(G5),"closed","still to score"))
A6: =Seats!A6 | B6: =Seats!B6 | C6: =Seats!C6 | D6: ='Mini project'!F6 | E6: ='Mock R2'!M6 | F6: =GD!H6 | G6: =IF(C6="N","absent",IF(COUNT(D6:F6)<3,"incomplete",SUM(D6:F6))) | H6: =IF(C6="N","absent: record the reason in the dated copy",IF(ISNUMBER(G6),"closed","still to score"))
A7: =Seats!A7 | B7: =Seats!B7 | C7: =Seats!C7 | D7: ='Mini project'!F7 | E7: ='Mock R2'!M7 | F7: =GD!H7 | G7: =IF(C7="N","absent",IF(COUNT(D7:F7)<3,"incomplete",SUM(D7:F7))) | H7: =IF(C7="N","absent: record the reason in the dated copy",IF(ISNUMBER(G7),"closed","still to score"))
A8: =Seats!A8 | B8: =Seats!B8 | C8: =Seats!C8 | D8: ='Mini project'!F8 | E8: ='Mock R2'!M8 | F8: =GD!H8 | G8: =IF(C8="N","absent",IF(COUNT(D8:F8)<3,"incomplete",SUM(D8:F8))) | H8: =IF(C8="N","absent: record the reason in the dated copy",IF(ISNUMBER(G8),"closed","still to score"))
A9: =Seats!A9 | B9: =Seats!B9 | C9: =Seats!C9 | D9: ='Mini project'!F9 | E9: ='Mock R2'!M9 | F9: =GD!H9 | G9: =IF(C9="N","absent",IF(COUNT(D9:F9)<3,"incomplete",SUM(D9:F9))) | H9: =IF(C9="N","absent: record the reason in the dated copy",IF(ISNUMBER(G9),"closed","still to score"))
A10: =Seats!A10 | B10: =Seats!B10 | C10: =Seats!C10 | D10: ='Mini project'!F10 | E10: ='Mock R2'!M10 | F10: =GD!H10 | G10: =IF(C10="N","absent",IF(COUNT(D10:F10)<3,"incomplete",SUM(D10:F10))) | H10: =IF(C10="N","absent: record the reason in the dated copy",IF(ISNUMBER(G10),"closed","still to score"))
A11: =Seats!A11 | B11: =Seats!B11 | C11: =Seats!C11 | D11: ='Mini project'!F11 | E11: ='Mock R2'!M11 | F11: =GD!H11 | G11: =IF(C11="N","absent",IF(COUNT(D11:F11)<3,"incomplete",SUM(D11:F11))) | H11: =IF(C11="N","absent: record the reason in the dated copy",IF(ISNUMBER(G11),"closed","still to score"))
A12: =Seats!A12 | B12: =Seats!B12 | C12: =Seats!C12 | D12: ='Mini project'!F12 | E12: ='Mock R2'!M12 | F12: =GD!H12 | G12: =IF(C12="N","absent",IF(COUNT(D12:F12)<3,"incomplete",SUM(D12:F12))) | H12: =IF(C12="N","absent: record the reason in the dated copy",IF(ISNUMBER(G12),"closed","still to score"))
A13: =Seats!A13 | B13: =Seats!B13 | C13: =Seats!C13 | D13: ='Mini project'!F13 | E13: ='Mock R2'!M13 | F13: =GD!H13 | G13: =IF(C13="N","absent",IF(COUNT(D13:F13)<3,"incomplete",SUM(D13:F13))) | H13: =IF(C13="N","absent: record the reason in the dated copy",IF(ISNUMBER(G13),"closed","still to score"))
A14: =Seats!A14 | B14: =Seats!B14 | C14: =Seats!C14 | D14: ='Mini project'!F14 | E14: ='Mock R2'!M14 | F14: =GD!H14 | G14: =IF(C14="N","absent",IF(COUNT(D14:F14)<3,"incomplete",SUM(D14:F14))) | H14: =IF(C14="N","absent: record the reason in the dated copy",IF(ISNUMBER(G14),"closed","still to score"))
... A41: =Seats!A41 | B41: =Seats!B41 | C41: =Seats!C41 | D41: ='Mini project'!F41 | E41: ='Mock R2'!M41 | F41: =GD!H41 | G41: =IF(C41="N","absent",IF(COUNT(D41:F41)<3,"incomplete",SUM(D41:F41))) | H41: =IF(C41="N","absent: record the reason in the dated copy",IF(ISNUMBER(G41),"closed","still to score"))

Sheet Summary
A1: Summary: is every learner in use scored, inside the rubric and inside the demo rule?
A2: What | B2: Result
A3: Seats in use | B3: =COUNTIF(Seats!C3:C41,"Y")
A4: Learners closed | B4: =COUNT(Closure!G3:G41)
A5: Groups with all four group criteria scored | B5: =COUNT(Groups!J3:J15)
A6: Scores above a maximum or below zero | B6: =COUNTIF(Groups!K3:K15,"above*")+COUNTIF('Mock R2'!N3:N41,"above*")+COUNTIF(GD!I3:I41,"above*")+COUNTIF('Mini project'!G3:G41,"above*")+COUNTIF('Mock R2'!N3:N41,"part B*")
A7: Group scores that break the demo rule | B7: =COUNTIF(Groups!K3:K15,"full marks*")
A8: Learner scores waiting for a demo in the reserve | B8: =COUNTIF('Mini project'!G3:G41,"score after*")
A9: Groups scored with no demo outcome or cold run recorded | B9: =COUNTIF(Groups!K3:K15,"record*")
A10: Learners needing a Friday retake booked | B10: =COUNTIF('Mock R2'!N3:N41,"book*")
A11: Rubric: mini project | B11: =Rubric!D19
A12: Rubric: Mock R2 | B12: =Rubric!D21
A13: Rubric: GD | B13: =Rubric!D22
A14: Verdict | B14: =IF(B6>0,B6&" score(s) outside the rubric",IF(B7>0,B7&" score(s) break the demo rule",IF(B8>0,B8&" score(s) wait for a demo in the reserve",IF(B9>0,B9&" group(s) need a demo outcome or a cold run",IF(B10>0,B10&" learner(s) need a Friday retake booked",IF(B4=B3,"every learner in use is scored",B3-B4&" learners still to score"))))))
